Customer ID,RFM_Cell,Customer_Segment
18065,444,Champions
15105,444,Champions
16401,444,Champions
13552,444,Champions
15854,444,Champions
15021,444,Champions
12726,444,Champions
14110,444,Champions
15380,444,Champions
18092,444,Champions
13588,444,Champions
15845,444,Champions
14227,444,Champions
14595,444,Champions
13658,444,Champions
17669,444,Champions
17434,444,Champions
17602,444,Champions
16156,444,Champions
17402,444,Champions
17428,444,Champions
17293,444,Champions
17530,444,Champions
12444,444,Champions
16709,444,Champions
12476,444,Champions
13268,444,Champions
15505,444,Champions
18122,444,Champions
17049,444,Champions
17663,444,Champions
15240,444,Champions
17238,444,Champions
18055,444,Champions
12600,444,Champions
17652,444,Champions
15410,444,Champions
14262,444,Champions
18225,444,Champions
14056,444,Champions
14462,444,Champions
12963,444,Champions
15152,444,Champions
13599,444,Champions
15382,444,Champions
13141,444,Champions
15498,444,Champions
15465,444,Champions
13078,444,Champions
17677,444,Champions
17858,444,Champions
15547,444,Champions
17750,444,Champions
14769,444,Champions
16033,444,Champions
14735,444,Champions
12682,444,Champions
15058,444,Champions
17613,444,Champions
12901,444,Champions
14290,444,Champions
13102,444,Champions
14282,444,Champions
12621,444,Champions
14146,444,Champions
12457,444,Champions
18226,444,Champions
12562,444,Champions
18094,444,Champions
17451,444,Champions
16678,444,Champions
12408,444,Champions
15864,444,Champions
12474,444,Champions
12483,444,Champions
16210,444,Champions
15628,444,Champions
12921,444,Champions
16745,444,Champions
13695,444,Champions
17091,444,Champions
17090,444,Champions
14415,444,Champions
16686,444,Champions
16333,444,Champions
13418,444,Champions
16945,444,Champions
12670,444,Champions
18180,444,Champions
14866,444,Champions
17863,444,Champions
17686,444,Champions
14221,444,Champions
13448,444,Champions
16360,444,Champions
16327,444,Champions
12584,444,Champions
17340,444,Champions
13094,444,Champions
17873,444,Champions
14191,444,Champions
16700,444,Champions
14766,444,Champions
13767,444,Champions
16525,444,Champions
17164,444,Champions
15140,444,Champions
12721,444,Champions
15203,444,Champions
14060,444,Champions
12939,444,Champions
17865,444,Champions
15290,444,Champions
12523,444,Champions
17758,444,Champions
12520,444,Champions
15351,444,Champions
15696,444,Champions
17651,444,Champions
17730,444,Champions
12678,444,Champions
17581,444,Champions
16735,444,Champions
14299,444,Champions
17920,444,Champions
14395,444,Champions
14004,444,Champions
14659,444,Champions
17644,444,Champions
12910,444,Champions
16161,444,Champions
15640,444,Champions
12906,444,Champions
16633,444,Champions
13394,444,Champions
18172,444,Champions
12437,444,Champions
14854,444,Champions
15555,444,Champions
18144,444,Champions
12647,444,Champions
12471,444,Champions
15194,444,Champions
12704,444,Champions
14702,444,Champions
14676,444,Champions
13994,444,Champions
17416,444,Champions
14215,444,Champions
12681,444,Champions
12705,444,Champions
13097,444,Champions
14546,444,Champions
15981,444,Champions
16128,444,Champions
12518,444,Champions
17069,444,Champions
13004,444,Champions
12619,444,Champions
13777,444,Champions
15838,444,Champions
16782,444,Champions
13630,444,Champions
13266,444,Champions
14005,444,Champions
12388,444,Champions
15044,444,Champions
14135,444,Champions
14367,444,Champions
17719,444,Champions
14194,444,Champions
17131,444,Champions
14800,444,Champions
16931,444,Champions
16187,444,Champions
13536,444,Champions
14235,444,Champions
16655,444,Champions
17107,444,Champions
13408,444,Champions
16771,444,Champions
16746,444,Champions
17315,444,Champions
13435,444,Champions
12783,444,Champions
17377,444,Champions
13014,444,Champions
16719,444,Champions
15358,444,Champions
14808,444,Champions
17705,444,Champions
15218,444,Champions
18241,444,Champions
16705,444,Champions
16407,444,Champions
15078,444,Champions
16839,444,Champions
14217,444,Champions
15755,444,Champions
16710,444,Champions
14031,444,Champions
12823,444,Champions
13704,444,Champions
16145,444,Champions
14543,444,Champions
15150,444,Champions
17061,444,Champions
13384,444,Champions
12517,444,Champions
17490,444,Champions
15443,444,Champions
14755,444,Champions
16422,444,Champions
14101,444,Champions
14466,444,Champions
14456,444,Champions
16607,444,Champions
17656,444,Champions
13178,444,Champions
17591,444,Champions
16713,444,Champions
15241,444,Champions
15061,444,Champions
15674,444,Champions
12455,444,Champions
15827,444,Champions
17576,444,Champions
16626,444,Champions
13126,444,Champions
17469,444,Champions
13988,444,Champions
16681,444,Champions
12656,444,Champions
16672,444,Champions
12362,444,Champions
17611,444,Champions
16764,444,Champions
14440,444,Champions
15750,444,Champions
13488,444,Champions
14978,444,Champions
13139,444,Champions
12708,444,Champions
14298,444,Champions
16115,444,Champions
16458,444,Champions
13901,444,Champions
13842,444,Champions
12352,444,Champions
13924,444,Champions
18102,444,Champions
16775,444,Champions
15796,444,Champions
17857,444,Champions
13862,444,Champions
17017,444,Champions
15301,444,Champions
13694,444,Champions
14868,444,Champions
14834,444,Champions
17819,444,Champions
12957,444,Champions
17930,444,Champions
14188,444,Champions
14527,444,Champions
14524,444,Champions
18198,444,Champions
15356,444,Champions
15370,444,Champions
17528,444,Champions
15955,444,Champions
17220,444,Champions
17306,444,Champions
14696,444,Champions
17813,444,Champions
17218,444,Champions
12598,444,Champions
16779,444,Champions
14409,444,Champions
15984,444,Champions
14952,444,Champions
13985,444,Champions
17739,444,Champions
18041,444,Champions
13089,444,Champions
13263,444,Champions
14422,444,Champions
14226,444,Champions
12731,444,Champions
16133,444,Champions
16729,444,Champions
16013,444,Champions
17675,444,Champions
12583,444,Champions
15903,444,Champions
15034,444,Champions
17757,444,Champions
14503,444,Champions
13021,444,Champions
15867,444,Champions
18008,444,Champions
17725,444,Champions
14211,444,Champions
13804,444,Champions
16983,444,Champions
16813,444,Champions
14691,444,Champions
18223,444,Champions
15046,444,Champions
15738,444,Champions
13576,444,Champions
16326,444,Champions
12867,444,Champions
16241,444,Champions
14189,444,Champions
17050,444,Champions
14852,444,Champions
12709,444,Champions
12627,444,Champions
12567,444,Champions
14107,444,Champions
16057,444,Champions
15365,444,Champions
17389,444,Champions
16255,444,Champions
16717,444,Champions
15005,444,Champions
13999,444,Champions
13881,444,Champions
17491,444,Champions
14401,444,Champions
12502,444,Champions
14159,444,Champions
14534,444,Champions
18283,444,Champions
14243,444,Champions
12727,444,Champions
17450,444,Champions
17612,444,Champions
14849,444,Champions
15974,444,Champions
14680,444,Champions
15491,444,Champions
16712,444,Champions
15856,444,Champions
16523,444,Champions
16656,444,Champions
15521,444,Champions
14560,444,Champions
14796,444,Champions
16455,444,Champions
15671,444,Champions
14408,444,Champions
16168,444,Champions
13949,444,Champions
17716,444,Champions
17068,444,Champions
16359,444,Champions
17191,444,Champions
16904,444,Champions
13784,444,Champions
14667,444,Champions
14239,444,Champions
16393,444,Champions
18230,444,Champions
16928,444,Champions
12720,444,Champions
14739,444,Champions
14040,444,Champions
15311,444,Champions
15804,444,Champions
13098,444,Champions
15089,444,Champions
17449,444,Champions
15291,444,Champions
14944,444,Champions
15271,444,Champions
15513,444,Champions
17735,444,Champions
15594,444,Champions
18229,444,Champions
14334,444,Champions
16843,444,Champions
17511,444,Champions
13808,444,Champions
17442,444,Champions
14709,444,Champions
14606,444,Champions
14309,444,Champions
14530,444,Champions
13756,444,Champions
12490,444,Champions
15114,444,Champions
14911,444,Champions
17949,444,Champions
16818,444,Champions
17368,444,Champions
17422,444,Champions
13798,444,Champions
15752,444,Champions
14156,444,Champions
16767,444,Champions
14397,444,Champions
16029,444,Champions
17567,444,Champions
13305,444,Champions
12685,444,Champions
12683,444,Champions
13468,444,Champions
13571,444,Champions
14646,444,Champions
13013,444,Champions
13018,444,Champions
16076,444,Champions
13700,444,Champions
14688,444,Champions
16426,444,Champions
15144,444,Champions
13137,444,Champions
17243,444,Champions
12955,444,Champions
13871,444,Champions
17634,444,Champions
12839,444,Champions
12540,444,Champions
17811,444,Champions
13769,444,Champions
12971,444,Champions
16558,444,Champions
13854,444,Champions
13199,444,Champions
17997,444,Champions
12569,444,Champions
13267,444,Champions
16011,444,Champions
14562,444,Champions
15298,444,Champions
15187,444,Champions
16293,444,Champions
17841,444,Champions
14051,444,Champions
13319,444,Champions
14062,444,Champions
17870,444,Champions
17965,444,Champions
15039,444,Champions
15249,444,Champions
12637,444,Champions
18118,444,Champions
17001,444,Champions
16353,444,Champions
12748,444,Champions
14388,444,Champions
14961,444,Champions
14711,444,Champions
12433,444,Champions
14180,444,Champions
18109,444,Champions
15189,444,Champions
12830,444,Champions
14895,444,Champions
14096,444,Champions
17426,444,Champions
15251,444,Champions
17593,444,Champions
13634,443,Loyal Customers
13860,443,Loyal Customers
13104,443,Loyal Customers
17214,443,Loyal Customers
15660,443,Loyal Customers
15511,443,Loyal Customers
15304,443,Loyal Customers
14878,443,Loyal Customers
14487,443,Loyal Customers
14684,443,Loyal Customers
14704,443,Loyal Customers
16235,443,Loyal Customers
17848,443,Loyal Customers
13232,443,Loyal Customers
16086,443,Loyal Customers
14178,443,Loyal Customers
16992,443,Loyal Customers
14201,443,Loyal Customers
13138,443,Loyal Customers
16103,443,Loyal Customers
16016,443,Loyal Customers
13627,443,Loyal Customers
15737,443,Loyal Customers
16989,443,Loyal Customers
14428,443,Loyal Customers
16085,443,Loyal Customers
17888,443,Loyal Customers
18236,443,Loyal Customers
16395,443,Loyal Customers
17027,443,Loyal Customers
12877,443,Loyal Customers
16348,443,Loyal Customers
13012,443,Loyal Customers
15916,443,Loyal Customers
15858,443,Loyal Customers
15860,443,Loyal Customers
13991,443,Loyal Customers
17837,443,Loyal Customers
15214,443,Loyal Customers
13410,443,Loyal Customers
14931,443,Loyal Customers
17287,443,Loyal Customers
18016,443,Loyal Customers
16600,443,Loyal Customers
16531,443,Loyal Customers
14901,443,Loyal Customers
14419,443,Loyal Customers
16266,443,Loyal Customers
14047,443,Loyal Customers
14883,443,Loyal Customers
17609,443,Loyal Customers
14321,443,Loyal Customers
13499,443,Loyal Customers
13397,443,Loyal Customers
15134,443,Loyal Customers
16394,443,Loyal Customers
16332,443,Loyal Customers
14434,443,Loyal Customers
12826,443,Loyal Customers
16059,443,Loyal Customers
17348,443,Loyal Customers
15712,443,Loyal Customers
14948,443,Loyal Customers
16929,443,Loyal Customers
17961,443,Loyal Customers
15172,443,Loyal Customers
15611,443,Loyal Customers
17227,443,Loyal Customers
12676,443,Loyal Customers
15602,443,Loyal Customers
16744,443,Loyal Customers
16434,443,Loyal Customers
17894,443,Loyal Customers
17410,443,Loyal Customers
12576,443,Loyal Customers
16172,443,Loyal Customers
16918,443,Loyal Customers
13748,443,Loyal Customers
14129,443,Loyal Customers
13538,443,Loyal Customers
13026,443,Loyal Customers
14511,443,Loyal Customers
15453,443,Loyal Customers
14410,443,Loyal Customers
16682,443,Loyal Customers
14116,443,Loyal Customers
16027,443,Loyal Customers
16515,443,Loyal Customers
14414,443,Loyal Customers
18237,443,Loyal Customers
14312,443,Loyal Customers
17800,443,Loyal Customers
16910,443,Loyal Customers
16173,443,Loyal Customers
17460,442,Loyal Customers
17728,434,Loyal Customers
14306,434,Loyal Customers
17679,434,Loyal Customers
13134,434,Loyal Customers
14608,434,Loyal Customers
16341,434,Loyal Customers
18259,434,Loyal Customers
13196,434,Loyal Customers
13334,434,Loyal Customers
14934,434,Loyal Customers
13562,434,Loyal Customers
16102,434,Loyal Customers
18087,434,Loyal Customers
13507,434,Loyal Customers
17147,434,Loyal Customers
13908,434,Loyal Customers
13316,434,Loyal Customers
16358,434,Loyal Customers
12435,434,Loyal Customers
12409,434,Loyal Customers
15950,434,Loyal Customers
15067,434,Loyal Customers
15484,434,Loyal Customers
14125,434,Loyal Customers
15394,434,Loyal Customers
14113,434,Loyal Customers
12380,434,Loyal Customers
16379,434,Loyal Customers
18188,434,Loyal Customers
16240,434,Loyal Customers
15549,434,Loyal Customers
16169,434,Loyal Customers
14285,434,Loyal Customers
12348,434,Loyal Customers
14387,434,Loyal Customers
13644,434,Loyal Customers
13555,434,Loyal Customers
17088,434,Loyal Customers
13505,434,Loyal Customers
16182,434,Loyal Customers
18242,434,Loyal Customers
12615,434,Loyal Customers
13647,434,Loyal Customers
15050,434,Loyal Customers
14305,434,Loyal Customers
18204,434,Loyal Customers
17015,434,Loyal Customers
18235,434,Loyal Customers
15834,434,Loyal Customers
14655,434,Loyal Customers
15321,434,Loyal Customers
17722,434,Loyal Customers
13851,434,Loyal Customers
13510,434,Loyal Customers
14842,434,Loyal Customers
14565,434,Loyal Customers
14360,434,Loyal Customers
17700,434,Loyal Customers
14441,434,Loyal Customers
18093,434,Loyal Customers
13577,434,Loyal Customers
12674,434,Loyal Customers
12449,434,Loyal Customers
15707,433,Loyal Customers
17033,433,Loyal Customers
16160,433,Loyal Customers
13662,433,Loyal Customers
17002,433,Loyal Customers
17047,433,Loyal Customers
12722,433,Loyal Customers
17594,433,Loyal Customers
16350,433,Loyal Customers
13107,433,Loyal Customers
17144,433,Loyal Customers
16924,433,Loyal Customers
13323,433,Loyal Customers
16438,433,Loyal Customers
15533,433,Loyal Customers
17802,433,Loyal Customers
16370,433,Loyal Customers
17073,433,Loyal Customers
17058,433,Loyal Customers
12640,433,Loyal Customers
13524,433,Loyal Customers
12724,433,Loyal Customers
15500,433,Loyal Customers
14019,433,Loyal Customers
14276,433,Loyal Customers
12620,433,Loyal Customers
16369,433,Loyal Customers
15839,433,Loyal Customers
14446,433,Loyal Customers
14859,433,Loyal Customers
16464,433,Loyal Customers
16584,433,Loyal Customers
18135,433,Loyal Customers
13038,433,Loyal Customers
17527,433,Loyal Customers
13155,433,Loyal Customers
16493,433,Loyal Customers
13350,433,Loyal Customers
17731,433,Loyal Customers
15399,433,Loyal Customers
17034,433,Loyal Customers
14261,433,Loyal Customers
12657,433,Loyal Customers
12854,433,Loyal Customers
12739,433,Loyal Customers
13486,433,Loyal Customers
14038,433,Loyal Customers
13220,433,Loyal Customers
12936,433,Loyal Customers
17311,433,Loyal Customers
16669,433,Loyal Customers
13055,433,Loyal Customers
15398,433,Loyal Customers
15237,433,Loyal Customers
16389,433,Loyal Customers
12364,433,Loyal Customers
12609,433,Loyal Customers
12952,433,Loyal Customers
13320,433,Loyal Customers
15810,433,Loyal Customers
17388,433,Loyal Customers
15763,433,Loyal Customers
18189,433,Loyal Customers
14880,433,Loyal Customers
15807,433,Loyal Customers
16872,433,Loyal Customers
16136,433,Loyal Customers
12516,433,Loyal Customers
12546,433,Loyal Customers
12488,433,Loyal Customers
17411,433,Loyal Customers
17006,433,Loyal Customers
14540,433,Loyal Customers
14561,433,Loyal Customers
15706,433,Loyal Customers
15799,433,Loyal Customers
15312,433,Loyal Customers
16261,433,Loyal Customers
12545,433,Loyal Customers
16049,433,Loyal Customers
14712,433,Loyal Customers
17159,433,Loyal Customers
13429,433,Loyal Customers
12412,433,Loyal Customers
12820,433,Loyal Customers
13867,433,Loyal Customers
13200,433,Loyal Customers
13389,433,Loyal Customers
17788,433,Loyal Customers
13314,433,Loyal Customers
15745,433,Loyal Customers
15701,433,Loyal Customers
14141,433,Loyal Customers
12680,433,Loyal Customers
13016,433,Loyal Customers
15568,433,Loyal Customers
13950,433,Loyal Customers
16122,433,Loyal Customers
15584,433,Loyal Customers
17405,433,Loyal Customers
13515,433,Loyal Customers
15841,433,Loyal Customers
16460,433,Loyal Customers
13516,433,Loyal Customers
12393,433,Loyal Customers
14649,433,Loyal Customers
14475,433,Loyal Customers
17633,433,Loyal Customers
12372,433,Loyal Customers
16361,433,Loyal Customers
16653,433,Loyal Customers
12937,433,Loyal Customers
12458,433,Loyal Customers
17724,433,Loyal Customers
12728,433,Loyal Customers
15933,433,Loyal Customers
15062,433,Loyal Customers
13131,433,Loyal Customers
17905,433,Loyal Customers
17552,433,Loyal Customers
12822,433,Loyal Customers
13764,433,Loyal Customers
14164,433,Loyal Customers
15411,433,Loyal Customers
12842,433,Loyal Customers
13575,433,Loyal Customers
13813,433,Loyal Customers
13772,433,Loyal Customers
12710,433,Loyal Customers
15215,433,Loyal Customers
17774,433,Loyal Customers
15136,433,Loyal Customers
13931,433,Loyal Customers
16891,433,Loyal Customers
14111,433,Loyal Customers
13744,433,Loyal Customers
15238,433,Loyal Customers
13211,433,Loyal Customers
16551,433,Loyal Customers
12422,433,Loyal Customers
15199,433,Loyal Customers
13158,433,Loyal Customers
14715,433,Loyal Customers
12526,433,Loyal Customers
16175,433,Loyal Customers
17560,433,Loyal Customers
14916,433,Loyal Customers
15071,433,Loyal Customers
13186,433,Loyal Customers
17481,433,Loyal Customers
16418,433,Loyal Customers
17004,433,Loyal Customers
13330,433,Loyal Customers
15306,433,Loyal Customers
13925,433,Loyal Customers
15618,433,Loyal Customers
13848,433,Loyal Customers
13249,433,Loyal Customers
14223,433,Loyal Customers
13814,433,Loyal Customers
15400,433,Loyal Customers
15730,433,Loyal Customers
14522,433,Loyal Customers
13823,433,Loyal Customers
14824,433,Loyal Customers
16362,433,Loyal Customers
15081,432,Loyal Customers
17883,432,Loyal Customers
13539,432,Loyal Customers
18211,432,Loyal Customers
13247,432,Loyal Customers
16906,432,Loyal Customers
18232,432,Loyal Customers
12527,432,Loyal Customers
15675,432,Loyal Customers
17557,432,Loyal Customers
18017,432,Loyal Customers
13643,432,Loyal Customers
16706,432,Loyal Customers
14463,432,Loyal Customers
15026,432,Loyal Customers
17564,432,Loyal Customers
13946,432,Loyal Customers
13959,432,Loyal Customers
15571,432,Loyal Customers
14077,432,Loyal Customers
15901,432,Loyal Customers
14529,432,Loyal Customers
14820,432,Loyal Customers
18155,432,Loyal Customers
16342,432,Loyal Customers
16008,432,Loyal Customers
15344,432,Loyal Customers
13405,432,Loyal Customers
15754,432,Loyal Customers
14818,432,Loyal Customers
16750,432,Loyal Customers
16157,432,Loyal Customers
14609,432,Loyal Customers
16321,432,Loyal Customers
17950,432,Loyal Customers
15036,432,Loyal Customers
15452,432,Loyal Customers
17373,432,Loyal Customers
16589,432,Loyal Customers
14681,432,Loyal Customers
16233,432,Loyal Customers
13741,432,Loyal Customers
13092,432,Loyal Customers
13240,432,Loyal Customers
14177,432,Loyal Customers
16444,432,Loyal Customers
17573,432,Loyal Customers
17345,432,Loyal Customers
15885,432,Loyal Customers
17370,432,Loyal Customers
13145,432,Loyal Customers
12879,432,Loyal Customers
12787,432,Loyal Customers
16462,431,Loyal Customers
17572,431,Loyal Customers
18273,431,Loyal Customers
15462,431,Loyal Customers
13079,431,Loyal Customers
17846,424,Potential / Regulars
15947,424,Potential / Regulars
12752,424,Potential / Regulars
15341,424,Potential / Regulars
14887,424,Potential / Regulars
16281,424,Potential / Regulars
15103,423,Potential / Regulars
13430,423,Potential / Regulars
15272,423,Potential / Regulars
14557,423,Potential / Regulars
15322,423,Potential / Regulars
16108,423,Potential / Regulars
12434,423,Potential / Regulars
13563,423,Potential / Regulars
13566,423,Potential / Regulars
18194,423,Potential / Regulars
12379,423,Potential / Regulars
13325,423,Potential / Regulars
12497,423,Potential / Regulars
13416,423,Potential / Regulars
12794,423,Potential / Regulars
16624,423,Potential / Regulars
13356,423,Potential / Regulars
12701,423,Potential / Regulars
18228,423,Potential / Regulars
12550,423,Potential / Regulars
14356,423,Potential / Regulars
12425,423,Potential / Regulars
17466,423,Potential / Regulars
15239,423,Potential / Regulars
15075,423,Potential / Regulars
13336,423,Potential / Regulars
15978,423,Potential / Regulars
16480,423,Potential / Regulars
15626,423,Potential / Regulars
12925,423,Potential / Regulars
13639,423,Potential / Regulars
12612,423,Potential / Regulars
13979,423,Potential / Regulars
13035,423,Potential / Regulars
18265,423,Potential / Regulars
14412,423,Potential / Regulars
13354,423,Potential / Regulars
18192,423,Potential / Regulars
16101,423,Potential / Regulars
12694,423,Potential / Regulars
13548,423,Potential / Regulars
13192,423,Potential / Regulars
12616,423,Potential / Regulars
18196,423,Potential / Regulars
15364,423,Potential / Regulars
13122,423,Potential / Regulars
12461,423,Potential / Regulars
15653,423,Potential / Regulars
12535,423,Potential / Regulars
14284,422,Potential / Regulars
12895,422,Potential / Regulars
17640,422,Potential / Regulars
17333,422,Potential / Regulars
13518,422,Potential / Regulars
15573,422,Potential / Regulars
14894,422,Potential / Regulars
15417,422,Potential / Regulars
15205,422,Potential / Regulars
15099,422,Potential / Regulars
14124,422,Potential / Regulars
12871,422,Potential / Regulars
15523,422,Potential / Regulars
16573,422,Potential / Regulars
12832,422,Potential / Regulars
16674,422,Potential / Regulars
12375,422,Potential / Regulars
14236,422,Potential / Regulars
17415,422,Potential / Regulars
14780,422,Potential / Regulars
12390,422,Potential / Regulars
16236,422,Potential / Regulars
17603,422,Potential / Regulars
12930,422,Potential / Regulars
12579,422,Potential / Regulars
14147,422,Potential / Regulars
13529,422,Potential / Regulars
15714,422,Potential / Regulars
17480,422,Potential / Regulars
14014,422,Potential / Regulars
15762,422,Potential / Regulars
15475,422,Potential / Regulars
16689,422,Potential / Regulars
13787,422,Potential / Regulars
14152,422,Potential / Regulars
15429,422,Potential / Regulars
14757,422,Potential / Regulars
16198,422,Potential / Regulars
15366,422,Potential / Regulars
18205,422,Potential / Regulars
16383,422,Potential / Regulars
13233,422,Potential / Regulars
17674,422,Potential / Regulars
15492,422,Potential / Regulars
16999,422,Potential / Regulars
13390,422,Potential / Regulars
14272,422,Potential / Regulars
17805,422,Potential / Regulars
12987,422,Potential / Regulars
16354,422,Potential / Regulars
16119,422,Potential / Regulars
13321,422,Potential / Regulars
17513,422,Potential / Regulars
17447,422,Potential / Regulars
15030,422,Potential / Regulars
16574,422,Potential / Regulars
13759,422,Potential / Regulars
15949,422,Potential / Regulars
16268,422,Potential / Regulars
16650,422,Potential / Regulars
18217,422,Potential / Regulars
13954,422,Potential / Regulars
15287,422,Potential / Regulars
16404,422,Potential / Regulars
16613,422,Potential / Regulars
13434,422,Potential / Regulars
14067,422,Potential / Regulars
14335,422,Potential / Regulars
14965,422,Potential / Regulars
17229,422,Potential / Regulars
16629,422,Potential / Regulars
16820,422,Potential / Regulars
12816,422,Potential / Regulars
18261,422,Potential / Regulars
18222,422,Potential / Regulars
16031,422,Potential / Regulars
12592,422,Potential / Regulars
13889,422,Potential / Regulars
16723,422,Potential / Regulars
16603,422,Potential / Regulars
14915,422,Potential / Regulars
14628,422,Potential / Regulars
17786,421,Potential / Regulars
17898,421,Potential / Regulars
16189,421,Potential / Regulars
16080,421,Potential / Regulars
16777,421,Potential / Regulars
12604,421,Potential / Regulars
17163,421,Potential / Regulars
13083,421,Potential / Regulars
16778,421,Potential / Regulars
14473,421,Potential / Regulars
16690,421,Potential / Regulars
14947,421,Potential / Regulars
17783,421,Potential / Regulars
13960,421,Potential / Regulars
15565,421,Potential / Regulars
13972,421,Potential / Regulars
17376,421,Potential / Regulars
17339,421,Potential / Regulars
14452,421,Potential / Regulars
16828,421,Potential / Regulars
15198,421,Potential / Regulars
12566,412,Potential / Regulars
15466,412,Potential / Regulars
15975,412,Potential / Regulars
13774,412,Potential / Regulars
13228,412,Potential / Regulars
14171,412,Potential / Regulars
16627,412,Potential / Regulars
14951,412,Potential / Regulars
17172,412,Potential / Regulars
16978,412,Potential / Regulars
16485,412,Potential / Regulars
17154,412,Potential / Regulars
13670,412,Potential / Regulars
18066,412,Potential / Regulars
13927,412,Potential / Regulars
15243,412,Potential / Regulars
16909,412,Potential / Regulars
13347,412,Potential / Regulars
15185,412,Potential / Regulars
16761,412,Potential / Regulars
13210,412,Potential / Regulars
15652,412,Potential / Regulars
17347,411,Potential / Regulars
13877,411,Potential / Regulars
12756,411,Potential / Regulars
12995,411,Potential / Regulars
16878,411,Potential / Regulars
13067,411,Potential / Regulars
15504,411,Potential / Regulars
17628,411,Potential / Regulars
16527,411,Potential / Regulars
14436,411,Potential / Regulars
18027,411,Potential / Regulars
16215,411,Potential / Regulars
15888,411,Potential / Regulars
17475,411,Potential / Regulars
16213,411,Potential / Regulars
15603,411,Potential / Regulars
17079,411,Potential / Regulars
13279,411,Potential / Regulars
16715,411,Potential / Regulars
13519,411,Potential / Regulars
13127,411,Potential / Regulars
14652,411,Potential / Regulars
15744,411,Potential / Regulars
17506,411,Potential / Regulars
17498,411,Potential / Regulars
16594,411,Potential / Regulars
14806,411,Potential / Regulars
15154,411,Potential / Regulars
14908,411,Potential / Regulars
15958,411,Potential / Regulars
16468,411,Potential / Regulars
13866,411,Potential / Regulars
18278,411,Potential / Regulars
16181,411,Potential / Regulars
13514,411,Potential / Regulars
14109,411,Potential / Regulars
15348,411,Potential / Regulars
13061,411,Potential / Regulars
17427,411,Potential / Regulars
15175,411,Potential / Regulars
13886,411,Potential / Regulars
13503,411,Potential / Regulars
12718,411,Potential / Regulars
12703,411,Potential / Regulars
13364,411,Potential / Regulars
15593,411,Potential / Regulars
13095,411,Potential / Regulars
18053,411,Potential / Regulars
12851,411,Potential / Regulars
15307,411,Potential / Regulars
17309,411,Potential / Regulars
16400,411,Potential / Regulars
14208,411,Potential / Regulars
13130,411,Potential / Regulars
15488,411,Potential / Regulars
13244,411,Potential / Regulars
13441,411,Potential / Regulars
17667,344,Loyal Customers
13590,344,Loyal Customers
12782,344,Loyal Customers
15493,344,Loyal Customers
14502,344,Loyal Customers
18219,344,Loyal Customers
12766,344,Loyal Customers
18245,344,Loyal Customers
17396,344,Loyal Customers
17314,344,Loyal Customers
12928,344,Loyal Customers
16979,344,Loyal Customers
13654,344,Loyal Customers
16875,344,Loyal Customers
12744,344,Loyal Customers
13911,344,Loyal Customers
14390,344,Loyal Customers
13081,344,Loyal Customers
17419,344,Loyal Customers
13225,344,Loyal Customers
12757,344,Loyal Customers
17754,344,Loyal Customers
15570,344,Loyal Customers
14085,344,Loyal Customers
17213,344,Loyal Customers
14426,344,Loyal Customers
15815,344,Loyal Customers
17769,344,Loyal Customers
12472,344,Loyal Customers
15708,344,Loyal Customers
13230,344,Loyal Customers
13520,344,Loyal Customers
17364,344,Loyal Customers
16841,344,Loyal Customers
16592,344,Loyal Customers
17596,344,Loyal Customers
16019,344,Loyal Customers
13090,344,Loyal Customers
15281,344,Loyal Customers
13824,344,Loyal Customers
12753,344,Loyal Customers
16003,344,Loyal Customers
12853,344,Loyal Customers
15861,344,Loyal Customers
16912,344,Loyal Customers
17519,344,Loyal Customers
16684,344,Loyal Customers
13875,344,Loyal Customers
12843,344,Loyal Customers
13148,344,Loyal Customers
16477,344,Loyal Customers
17162,344,Loyal Customers
12557,344,Loyal Customers
13001,344,Loyal Customers
16837,344,Loyal Customers
15785,344,Loyal Customers
16316,344,Loyal Customers
12980,344,Loyal Customers
14621,344,Loyal Customers
17861,344,Loyal Customers
16919,344,Loyal Customers
16942,344,Loyal Customers
12407,344,Loyal Customers
15288,344,Loyal Customers
15267,344,Loyal Customers
13456,344,Loyal Customers
14493,344,Loyal Customers
13184,344,Loyal Customers
14112,344,Loyal Customers
12749,344,Loyal Customers
14341,344,Loyal Customers
15632,344,Loyal Customers
12594,344,Loyal Customers
17512,344,Loyal Customers
14209,344,Loyal Customers
14291,344,Loyal Customers
13198,344,Loyal Customers
12428,344,Loyal Customers
14639,344,Loyal Customers
17629,344,Loyal Customers
17790,344,Loyal Customers
14099,344,Loyal Customers
12431,344,Loyal Customers
15606,344,Loyal Customers
15544,344,Loyal Customers
12381,344,Loyal Customers
15270,344,Loyal Customers
17173,344,Loyal Customers
17655,344,Loyal Customers
14498,344,Loyal Customers
15023,344,Loyal Customers
15093,344,Loyal Customers
13953,344,Loyal Customers
16131,344,Loyal Customers
14232,344,Loyal Customers
15220,344,Loyal Customers
17682,344,Loyal Customers
15373,344,Loyal Customers
16153,344,Loyal Customers
17975,344,Loyal Customers
12473,344,Loyal Customers
17937,344,Loyal Customers
12528,344,Loyal Customers
17338,344,Loyal Customers
18257,344,Loyal Customers
12949,344,Loyal Customers
16218,344,Loyal Customers
18272,344,Loyal Customers
13668,344,Loyal Customers
15125,344,Loyal Customers
16743,344,Loyal Customers
13027,344,Loyal Customers
16170,344,Loyal Customers
16249,344,Loyal Customers
13327,344,Loyal Customers
12395,344,Loyal Customers
16701,344,Loyal Customers
14315,344,Loyal Customers
17809,344,Loyal Customers
12347,344,Loyal Customers
14733,344,Loyal Customers
16265,344,Loyal Customers
14572,344,Loyal Customers
12553,344,Loyal Customers
17059,344,Loyal Customers
12747,344,Loyal Customers
15572,344,Loyal Customers
16652,344,Loyal Customers
12935,344,Loyal Customers
17160,344,Loyal Customers
15296,344,Loyal Customers
14505,344,Loyal Customers
14364,344,Loyal Customers
16550,344,Loyal Customers
15722,344,Loyal Customers
14329,344,Loyal Customers
14936,344,Loyal Customers
13481,344,Loyal Customers
13593,344,Loyal Customers
17696,344,Loyal Customers
16143,344,Loyal Customers
13534,344,Loyal Customers
14730,344,Loyal Customers
13890,344,Loyal Customers
12662,344,Loyal Customers
14407,344,Loyal Customers
15812,344,Loyal Customers
15727,344,Loyal Customers
18061,344,Loyal Customers
16628,344,Loyal Customers
12500,344,Loyal Customers
13050,344,Loyal Customers
13971,344,Loyal Customers
15805,344,Loyal Customers
18075,344,Loyal Customers
16670,344,Loyal Customers
12712,344,Loyal Customers
12714,344,Loyal Customers
16556,344,Loyal Customers
14210,344,Loyal Customers
15615,344,Loyal Customers
14776,344,Loyal Customers
12948,344,Loyal Customers
17183,344,Loyal Customers
15811,344,Loyal Customers
13340,344,Loyal Customers
14472,344,Loyal Customers
14810,344,Loyal Customers
18077,344,Loyal Customers
16186,344,Loyal Customers
17346,344,Loyal Customers
14088,344,Loyal Customers
17940,344,Loyal Customers
13209,344,Loyal Customers
12643,344,Loyal Customers
13975,344,Loyal Customers
18073,344,Loyal Customers
13870,344,Loyal Customers
17690,344,Loyal Customers
17706,344,Loyal Customers
15260,344,Loyal Customers
14525,344,Loyal Customers
17659,344,Loyal Customers
12423,344,Loyal Customers
12477,344,Loyal Customers
12484,344,Loyal Customers
14640,344,Loyal Customers
16180,344,Loyal Customers
16570,344,Loyal Customers
12626,344,Loyal Customers
13709,344,Loyal Customers
16258,344,Loyal Customers
16873,344,Loyal Customers
13969,344,Loyal Customers
13047,344,Loyal Customers
12931,344,Loyal Customers
17723,344,Loyal Customers
12417,344,Loyal Customers
18097,344,Loyal Customers
15129,344,Loyal Customers
17457,344,Loyal Customers
12610,344,Loyal Customers
17400,344,Loyal Customers
13082,344,Loyal Customers
17231,344,Loyal Customers
13451,344,Loyal Customers
16954,344,Loyal Customers
14903,344,Loyal Customers
15518,344,Loyal Customers
17954,344,Loyal Customers
14257,344,Loyal Customers
15033,344,Loyal Customers
17554,344,Loyal Customers
13113,344,Loyal Customers
16791,344,Loyal Customers
15581,344,Loyal Customers
14092,344,Loyal Customers
16722,344,Loyal Customers
13069,344,Loyal Customers
15719,344,Loyal Customers
13458,344,Loyal Customers
17386,344,Loyal Customers
16456,344,Loyal Customers
12415,344,Loyal Customers
16923,344,Loyal Customers
17799,344,Loyal Customers
17381,344,Loyal Customers
14907,344,Loyal Customers
14482,344,Loyal Customers
16638,344,Loyal Customers
13437,344,Loyal Customers
13629,344,Loyal Customers
14713,344,Loyal Customers
13631,344,Loyal Customers
14258,344,Loyal Customers
15159,344,Loyal Customers
13742,344,Loyal Customers
14665,344,Loyal Customers
15939,344,Loyal Customers
15502,344,Loyal Customers
13426,344,Loyal Customers
13941,344,Loyal Customers
16107,344,Loyal Customers
12841,344,Loyal Customers
13527,344,Loyal Customers
13993,344,Loyal Customers
13324,344,Loyal Customers
15527,344,Loyal Customers
16549,344,Loyal Customers
13450,344,Loyal Customers
14432,344,Loyal Customers
17838,344,Loyal Customers
14825,344,Loyal Customers
14057,344,Loyal Customers
15601,344,Loyal Customers
13381,344,Loyal Customers
14533,344,Loyal Customers
14030,344,Loyal Customers
16871,344,Loyal Customers
16474,344,Loyal Customers
15971,344,Loyal Customers
13983,344,Loyal Customers
16209,344,Loyal Customers
17685,344,Loyal Customers
13650,344,Loyal Customers
13269,344,Loyal Customers
14292,344,Loyal Customers
17139,344,Loyal Customers
16985,344,Loyal Customers
15932,344,Loyal Customers
14732,344,Loyal Customers
17071,344,Loyal Customers
12989,344,Loyal Customers
18069,344,Loyal Customers
15764,344,Loyal Customers
13265,344,Loyal Customers
14307,344,Loyal Customers
16150,344,Loyal Customers
16814,344,Loyal Customers
17404,344,Loyal Customers
15529,344,Loyal Customers
17228,344,Loyal Customers
13136,344,Loyal Customers
18044,344,Loyal Customers
17365,344,Loyal Customers
12909,344,Loyal Customers
17133,344,Loyal Customers
16081,344,Loyal Customers
16409,344,Loyal Customers
14132,344,Loyal Customers
14032,344,Loyal Customers
12664,344,Loyal Customers
15998,344,Loyal Customers
13831,344,Loyal Customers
15769,344,Loyal Customers
16609,344,Loyal Customers
13880,344,Loyal Customers
16098,344,Loyal Customers
15622,344,Loyal Customers
17193,344,Loyal Customers
13183,344,Loyal Customers
15681,343,Loyal Customers
12494,343,Loyal Customers
17126,343,Loyal Customers
16877,343,Loyal Customers
17966,343,Loyal Customers
16225,343,Loyal Customers
16907,343,Loyal Customers
13491,343,Loyal Customers
12691,343,Loyal Customers
15906,343,Loyal Customers
14583,343,Loyal Customers
12947,343,Loyal Customers
17867,343,Loyal Customers
13549,343,Loyal Customers
15106,343,Loyal Customers
13313,343,Loyal Customers
18161,343,Loyal Customers
16711,343,Loyal Customers
13750,343,Loyal Customers
17114,343,Loyal Customers
17522,343,Loyal Customers
13477,343,Loyal Customers
13956,343,Loyal Customers
13110,343,Loyal Customers
17054,343,Loyal Customers
16809,343,Loyal Customers
14289,343,Loyal Customers
14898,343,Loyal Customers
14738,343,Loyal Customers
18177,343,Loyal Customers
14214,343,Loyal Customers
13208,343,Loyal Customers
17007,343,Loyal Customers
13117,343,Loyal Customers
17042,343,Loyal Customers
16996,343,Loyal Customers
15117,343,Loyal Customers
16283,343,Loyal Customers
17284,343,Loyal Customers
15987,343,Loyal Customers
12919,343,Loyal Customers
14623,343,Loyal Customers
18221,343,Loyal Customers
13995,343,Loyal Customers
14741,343,Loyal Customers
14064,343,Loyal Customers
14745,343,Loyal Customers
15024,343,Loyal Customers
13610,343,Loyal Customers
14404,343,Loyal Customers
16042,343,Loyal Customers
13728,343,Loyal Customers
14035,343,Loyal Customers
15059,343,Loyal Customers
15434,343,Loyal Customers
12464,343,Loyal Customers
15132,343,Loyal Customers
16184,343,Loyal Customers
15569,343,Loyal Customers
16466,343,Loyal Customers
13213,343,Loyal Customers
13717,343,Loyal Customers
16419,343,Loyal Customers
14078,343,Loyal Customers
14507,343,Loyal Customers
14976,343,Loyal Customers
15596,343,Loyal Customers
17097,343,Loyal Customers
17470,343,Loyal Customers
14344,343,Loyal Customers
12599,343,Loyal Customers
13984,343,Loyal Customers
14083,343,Loyal Customers
17676,343,Loyal Customers
16271,343,Loyal Customers
17323,343,Loyal Customers
13782,343,Loyal Customers
13752,343,Loyal Customers
16066,343,Loyal Customers
14748,343,Loyal Customers
17085,343,Loyal Customers
16365,343,Loyal Customers
13636,343,Loyal Customers
17302,343,Loyal Customers
16880,343,Loyal Customers
18171,343,Loyal Customers
15910,343,Loyal Customers
12828,343,Loyal Customers
13509,343,Loyal Customers
16899,343,Loyal Customers
15605,343,Loyal Customers
16794,343,Loyal Customers
13743,343,Loyal Customers
15253,343,Loyal Customers
13309,343,Loyal Customers
15996,343,Loyal Customers
17562,343,Loyal Customers
15201,343,Loyal Customers
16915,342,Loyal Customers
18037,341,Loyal Customers
17988,341,Loyal Customers
16668,341,Loyal Customers
12597,334,Loyal Customers
14016,334,Loyal Customers
13285,334,Loyal Customers
17787,334,Loyal Customers
13224,334,Loyal Customers
17337,334,Loyal Customers
17589,334,Loyal Customers
12669,334,Loyal Customers
12653,334,Loyal Customers
14461,334,Loyal Customers
17738,334,Loyal Customers
17444,334,Loyal Customers
13564,334,Loyal Customers
13895,334,Loyal Customers
12480,334,Loyal Customers
12840,334,Loyal Customers
13157,334,Loyal Customers
16041,334,Loyal Customers
12438,334,Loyal Customers
15704,334,Loyal Customers
17625,334,Loyal Customers
12916,334,Loyal Customers
13802,334,Loyal Customers
12836,334,Loyal Customers
16532,334,Loyal Customers
12397,334,Loyal Customers
15245,334,Loyal Customers
13722,334,Loyal Customers
15819,334,Loyal Customers
12456,334,Loyal Customers
14049,334,Loyal Customers
13373,334,Loyal Customers
14145,334,Loyal Customers
12700,334,Loyal Customers
15416,334,Loyal Customers
15157,334,Loyal Customers
16398,334,Loyal Customers
17282,334,Loyal Customers
12758,334,Loyal Customers
16303,334,Loyal Customers
15786,334,Loyal Customers
13048,334,Loyal Customers
15797,334,Loyal Customers
12360,334,Loyal Customers
12560,334,Loyal Customers
15228,334,Loyal Customers
17353,334,Loyal Customers
12633,334,Loyal Customers
16201,334,Loyal Customers
12645,334,Loyal Customers
17828,334,Loyal Customers
14930,334,Loyal Customers
14418,334,Loyal Customers
17702,334,Loyal Customers
16308,334,Loyal Customers
13517,334,Loyal Customers
13149,334,Loyal Customers
15641,334,Loyal Customers
16126,334,Loyal Customers
14535,334,Loyal Customers
18079,334,Loyal Customers
12530,334,Loyal Customers
14844,334,Loyal Customers
13869,334,Loyal Customers
14626,334,Loyal Customers
13162,334,Loyal Customers
12635,334,Loyal Customers
17317,334,Loyal Customers
13124,334,Loyal Customers
14250,334,Loyal Customers
15782,334,Loyal Customers
16984,334,Loyal Customers
15673,334,Loyal Customers
15980,334,Loyal Customers
17092,334,Loyal Customers
18145,334,Loyal Customers
14163,334,Loyal Customers
18173,334,Loyal Customers
13900,333,Loyal Customers
14584,333,Loyal Customers
13811,333,Loyal Customers
17505,333,Loyal Customers
15265,333,Loyal Customers
12717,333,Loyal Customers
12358,333,Loyal Customers
15051,333,Loyal Customers
15561,333,Loyal Customers
15530,333,Loyal Customers
16657,333,Loyal Customers
14857,333,Loyal Customers
16040,333,Loyal Customers
17921,333,Loyal Customers
12815,333,Loyal Customers
14332,333,Loyal Customers
16621,333,Loyal Customers
14293,333,Loyal Customers
15716,333,Loyal Customers
17571,333,Loyal Customers
16511,333,Loyal Customers
16762,333,Loyal Customers
14758,333,Loyal Customers
13705,333,Loyal Customers
16232,333,Loyal Customers
17096,333,Loyal Customers
12510,333,Loyal Customers
16807,333,Loyal Customers
15108,333,Loyal Customers
16188,333,Loyal Customers
17175,333,Loyal Customers
16224,333,Loyal Customers
13461,333,Loyal Customers
13029,333,Loyal Customers
14443,333,Loyal Customers
15506,333,Loyal Customers
13037,333,Loyal Customers
16099,333,Loyal Customers
15289,333,Loyal Customers
14775,333,Loyal Customers
15835,333,Loyal Customers
14970,333,Loyal Customers
15855,333,Loyal Customers
13492,333,Loyal Customers
17734,333,Loyal Customers
16951,333,Loyal Customers
15329,333,Loyal Customers
15116,333,Loyal Customers
14499,333,Loyal Customers
16062,333,Loyal Customers
12716,333,Loyal Customers
16009,333,Loyal Customers
15952,333,Loyal Customers
15532,333,Loyal Customers
12697,333,Loyal Customers
12942,333,Loyal Customers
17671,333,Loyal Customers
15806,333,Loyal Customers
13414,333,Loyal Customers
18142,333,Loyal Customers
16146,333,Loyal Customers
14352,333,Loyal Customers
13253,333,Loyal Customers
17341,333,Loyal Customers
15053,333,Loyal Customers
18263,333,Loyal Customers
12507,333,Loyal Customers
13835,333,Loyal Customers
13681,333,Loyal Customers
14657,333,Loyal Customers
15679,333,Loyal Customers
14708,333,Loyal Customers
13167,333,Loyal Customers
14403,333,Loyal Customers
14567,333,Loyal Customers
14937,333,Loyal Customers
17994,333,Loyal Customers
15494,333,Loyal Customers
16245,333,Loyal Customers
13203,333,Loyal Customers
15747,333,Loyal Customers
12994,333,Loyal Customers
14346,333,Loyal Customers
15608,333,Loyal Customers
15192,333,Loyal Customers
14790,333,Loyal Customers
16045,333,Loyal Customers
16317,333,Loyal Customers
12399,333,Loyal Customers
16612,333,Loyal Customers
17516,333,Loyal Customers
13838,333,Loyal Customers
17048,333,Loyal Customers
15376,333,Loyal Customers
18143,333,Loyal Customers
13720,333,Loyal Customers
13940,333,Loyal Customers
15002,333,Loyal Customers
16470,333,Loyal Customers
14918,333,Loyal Customers
14006,333,Loyal Customers
16092,333,Loyal Customers
15734,333,Loyal Customers
12421,333,Loyal Customers
16755,333,Loyal Customers
13655,333,Loyal Customers
15122,333,Loyal Customers
15743,333,Loyal Customers
17720,333,Loyal Customers
18170,333,Loyal Customers
15862,333,Loyal Customers
14759,333,Loyal Customers
17929,333,Loyal Customers
14246,333,Loyal Customers
14224,333,Loyal Customers
17585,333,Loyal Customers
17703,333,Loyal Customers
14045,333,Loyal Customers
17083,333,Loyal Customers
14959,333,Loyal Customers
15801,333,Loyal Customers
17242,333,Loyal Customers
13425,333,Loyal Customers
17041,333,Loyal Customers
17268,333,Loyal Customers
14875,333,Loyal Customers
14973,333,Loyal Customers
12642,333,Loyal Customers
16503,333,Loyal Customers
13159,333,Loyal Customers
18167,333,Loyal Customers
17146,333,Loyal Customers
15625,333,Loyal Customers
15669,333,Loyal Customers
15095,333,Loyal Customers
16806,333,Loyal Customers
14737,333,Loyal Customers
16012,333,Loyal Customers
18178,333,Loyal Customers
16842,333,Loyal Customers
16083,333,Loyal Customers
13726,333,Loyal Customers
17320,333,Loyal Customers
17588,333,Loyal Customers
15582,333,Loyal Customers
12689,333,Loyal Customers
15133,333,Loyal Customers
13791,333,Loyal Customers
17692,333,Loyal Customers
17584,333,Loyal Customers
16572,333,Loyal Customers
12693,333,Loyal Customers
15128,333,Loyal Customers
16174,333,Loyal Customers
15110,333,Loyal Customers
16950,333,Loyal Customers
15831,333,Loyal Customers
12865,333,Loyal Customers
12885,333,Loyal Customers
16637,333,Loyal Customers
15985,333,Loyal Customers
14127,333,Loyal Customers
13500,333,Loyal Customers
13280,333,Loyal Customers
16053,333,Loyal Customers
17653,333,Loyal Customers
13147,333,Loyal Customers
13376,333,Loyal Customers
14837,333,Loyal Customers
15587,333,Loyal Customers
13884,333,Loyal Customers
13614,333,Loyal Customers
13611,333,Loyal Customers
12883,333,Loyal Customers
15392,333,Loyal Customers
13431,333,Loyal Customers
12924,333,Loyal Customers
13064,333,Loyal Customers
14897,333,Loyal Customers
12997,333,Loyal Customers
15865,333,Loyal Customers
12679,333,Loyal Customers
16279,333,Loyal Customers
13032,333,Loyal Customers
16229,333,Loyal Customers
14359,333,Loyal Customers
14198,333,Loyal Customers
13856,332,Loyal Customers
15756,332,Loyal Customers
16014,332,Loyal Customers
17266,332,Loyal Customers
16203,332,Loyal Customers
14958,332,Loyal Customers
15467,332,Loyal Customers
16654,332,Loyal Customers
18150,332,Loyal Customers
16948,332,Loyal Customers
15781,332,Loyal Customers
17631,332,Loyal Customers
14342,332,Loyal Customers
14692,332,Loyal Customers
17579,332,Loyal Customers
13865,332,Loyal Customers
13379,332,Loyal Customers
15440,332,Loyal Customers
14273,332,Loyal Customers
16696,332,Loyal Customers
16969,332,Loyal Customers
17483,332,Loyal Customers
18127,332,Loyal Customers
13827,332,Loyal Customers
17765,332,Loyal Customers
16385,332,Loyal Customers
14034,332,Loyal Customers
15646,332,Loyal Customers
15334,332,Loyal Customers
16325,332,Loyal Customers
14021,332,Loyal Customers
17312,332,Loyal Customers
17615,332,Loyal Customers
12993,332,Loyal Customers
13427,332,Loyal Customers
13873,332,Loyal Customers
15048,332,Loyal Customers
15624,332,Loyal Customers
16774,332,Loyal Customers
15768,332,Loyal Customers
16927,332,Loyal Customers
16734,332,Loyal Customers
16488,332,Loyal Customers
17398,332,Loyal Customers
13617,332,Loyal Customers
17736,332,Loyal Customers
17045,332,Loyal Customers
18081,332,Loyal Customers
15938,332,Loyal Customers
16139,332,Loyal Customers
14133,332,Loyal Customers
14460,332,Loyal Customers
14013,332,Loyal Customers
15031,332,Loyal Customers
13939,332,Loyal Customers
12593,332,Loyal Customers
13140,332,Loyal Customers
12695,332,Loyal Customers
12649,332,Loyal Customers
17869,332,Loyal Customers
13000,332,Loyal Customers
13928,332,Loyal Customers
15550,332,Loyal Customers
13812,332,Loyal Customers
18036,332,Loyal Customers
13489,332,Loyal Customers
16768,332,Loyal Customers
13301,332,Loyal Customers
16816,332,Loyal Customers
14044,332,Loyal Customers
16324,332,Loyal Customers
17429,332,Loyal Customers
14513,332,Loyal Customers
17777,332,Loyal Customers
16206,332,Loyal Customers
13217,332,Loyal Customers
15206,332,Loyal Customers
17299,332,Loyal Customers
17864,332,Loyal Customers
14720,332,Loyal Customers
14997,332,Loyal Customers
16475,332,Loyal Customers
14500,332,Loyal Customers
17779,332,Loyal Customers
16469,332,Loyal Customers
15483,331,Loyal Customers
13058,331,Loyal Customers
15577,331,Loyal Customers
16998,331,Loyal Customers
14798,331,Loyal Customers
16866,331,Loyal Customers
17440,331,Loyal Customers
17892,331,Loyal Customers
16112,331,Loyal Customers
15920,331,Loyal Customers
13277,331,Loyal Customers
13242,331,Loyal Customers
14765,331,Loyal Customers
16330,331,Loyal Customers
13003,331,Loyal Customers
17024,331,Loyal Customers
12405,324,Potential / Regulars
15372,324,Potential / Regulars
14459,324,Potential / Regulars
16902,324,Potential / Regulars
12688,324,Potential / Regulars
12378,324,Potential / Regulars
18251,324,Potential / Regulars
15045,323,Potential / Regulars
14862,323,Potential / Regulars
15004,323,Potential / Regulars
16054,323,Potential / Regulars
16859,323,Potential / Regulars
17649,323,Potential / Regulars
16364,323,Potential / Regulars
13730,323,Potential / Regulars
12453,323,Potential / Regulars
18064,323,Potential / Regulars
17695,323,Potential / Regulars
14885,323,Potential / Regulars
13388,323,Potential / Regulars
13109,323,Potential / Regulars
13583,323,Potential / Regulars
12534,323,Potential / Regulars
17642,323,Potential / Regulars
13799,323,Potential / Regulars
15480,323,Potential / Regulars
17553,323,Potential / Regulars
13075,323,Potential / Regulars
13850,323,Potential / Regulars
13805,323,Potential / Regulars
13023,323,Potential / Regulars
14566,323,Potential / Regulars
17029,323,Potential / Regulars
15800,323,Potential / Regulars
14050,323,Potential / Regulars
14055,323,Potential / Regulars
16309,323,Potential / Regulars
13236,323,Potential / Regulars
15074,323,Potential / Regulars
14869,323,Potential / Regulars
14778,323,Potential / Regulars
18248,323,Potential / Regulars
13355,323,Potential / Regulars
15636,323,Potential / Regulars
14212,323,Potential / Regulars
12965,323,Potential / Regulars
13375,323,Potential / Regulars
17919,323,Potential / Regulars
12940,323,Potential / Regulars
17037,323,Potential / Regulars
16036,323,Potential / Regulars
14338,322,Potential / Regulars
12922,322,Potential / Regulars
18024,322,Potential / Regulars
14690,322,Potential / Regulars
13675,322,Potential / Regulars
12556,322,Potential / Regulars
14548,322,Potential / Regulars
13311,322,Potential / Regulars
15795,322,Potential / Regulars
14400,322,Potential / Regulars
12915,322,Potential / Regulars
15402,322,Potential / Regulars
14716,322,Potential / Regulars
17259,322,Potential / Regulars
14891,322,Potential / Regulars
12833,322,Potential / Regulars
12589,322,Potential / Regulars
14029,322,Potential / Regulars
13821,322,Potential / Regulars
15713,322,Potential / Regulars
12875,322,Potential / Regulars
12521,322,Potential / Regulars
15802,322,Potential / Regulars
14517,322,Potential / Regulars
17265,322,Potential / Regulars
12763,322,Potential / Regulars
13116,322,Potential / Regulars
17040,322,Potential / Regulars
13930,322,Potential / Regulars
18151,322,Potential / Regulars
15639,322,Potential / Regulars
12743,322,Potential / Regulars
17931,322,Potential / Regulars
15149,322,Potential / Regulars
12981,322,Potential / Regulars
17926,322,Potential / Regulars
17105,322,Potential / Regulars
15349,322,Potential / Regulars
13085,322,Potential / Regulars
14905,322,Potential / Regulars
16616,322,Potential / Regulars
17046,322,Potential / Regulars
13338,322,Potential / Regulars
15889,322,Potential / Regulars
14002,322,Potential / Regulars
14645,322,Potential / Regulars
14264,322,Potential / Regulars
18121,322,Potential / Regulars
15182,322,Potential / Regulars
13955,322,Potential / Regulars
16091,322,Potential / Regulars
17031,322,Potential / Regulars
17053,322,Potential / Regulars
12844,322,Potential / Regulars
13919,322,Potential / Regulars
12384,322,Potential / Regulars
12571,322,Potential / Regulars
15469,322,Potential / Regulars
13888,322,Potential / Regulars
14855,322,Potential / Regulars
14301,322,Potential / Regulars
16272,322,Potential / Regulars
17958,322,Potential / Regulars
15315,322,Potential / Regulars
17252,322,Potential / Regulars
17637,322,Potential / Regulars
14323,322,Potential / Regulars
12729,322,Potential / Regulars
17742,322,Potential / Regulars
15232,322,Potential / Regulars
12513,322,Potential / Regulars
12418,322,Potential / Regulars
12991,322,Potential / Regulars
15342,322,Potential / Regulars
12644,322,Potential / Regulars
16536,322,Potential / Regulars
12363,322,Potential / Regulars
14265,322,Potential / Regulars
13933,322,Potential / Regulars
16968,322,Potential / Regulars
16340,322,Potential / Regulars
14687,322,Potential / Regulars
12624,322,Potential / Regulars
17189,322,Potential / Regulars
17134,322,Potential / Regulars
12917,322,Potential / Regulars
14108,322,Potential / Regulars
16780,322,Potential / Regulars
16278,322,Potential / Regulars
13402,322,Potential / Regulars
17267,322,Potential / Regulars
17298,322,Potential / Regulars
13248,322,Potential / Regulars
14331,322,Potential / Regulars
14024,322,Potential / Regulars
16788,322,Potential / Regulars
13276,322,Potential / Regulars
12436,322,Potential / Regulars
15829,322,Potential / Regulars
16384,322,Potential / Regulars
16211,322,Potential / Regulars
16141,322,Potential / Regulars
14020,322,Potential / Regulars
18158,322,Potential / Regulars
15522,322,Potential / Regulars
14753,322,Potential / Regulars
18001,322,Potential / Regulars
16498,321,Potential / Regulars
13754,321,Potential / Regulars
13207,321,Potential / Regulars
13669,321,Potential / Regulars
13420,321,Potential / Regulars
18101,321,Potential / Regulars
16149,321,Potential / Regulars
18146,321,Potential / Regulars
17935,321,Potential / Regulars
16557,321,Potential / Regulars
17781,321,Potential / Regulars
16861,321,Potential / Regulars
12450,321,Potential / Regulars
15512,321,Potential / Regulars
18013,321,Potential / Regulars
14104,321,Potential / Regulars
14495,321,Potential / Regulars
15689,321,Potential / Regulars
14658,321,Potential / Regulars
16836,321,Potential / Regulars
13189,321,Potential / Regulars
12962,321,Potential / Regulars
16555,321,Potential / Regulars
16952,321,Potential / Regulars
18147,321,Potential / Regulars
18018,321,Potential / Regulars
17256,321,Potential / Regulars
12492,321,Potential / Regulars
16835,321,Potential / Regulars
15690,321,Potential / Regulars
14768,321,Potential / Regulars
18282,321,Potential / Regulars
14053,321,Potential / Regulars
13470,321,Potential / Regulars
16808,321,Potential / Regulars
14508,321,Potential / Regulars
13272,321,Potential / Regulars
14660,321,Potential / Regulars
17123,312,Potential / Regulars
16450,312,Potential / Regulars
14847,312,Potential / Regulars
17948,312,Potential / Regulars
17866,312,Potential / Regulars
16305,312,Potential / Regulars
15942,312,Potential / Regulars
15120,312,Potential / Regulars
16147,312,Potential / Regulars
13833,312,Potential / Regulars
13291,312,Potential / Regulars
13699,312,Potential / Regulars
12648,312,Potential / Regulars
17248,312,Potential / Regulars
17070,312,Potential / Regulars
15472,312,Potential / Regulars
16582,312,Potential / Regulars
14196,312,Potential / Regulars
12715,312,Potential / Regulars
14079,312,Potential / Regulars
15247,312,Potential / Regulars
14420,312,Potential / Regulars
13372,312,Potential / Regulars
12884,312,Potential / Regulars
15343,312,Potential / Regulars
16113,311,Potential / Regulars
13678,311,Potential / Regulars
14552,311,Potential / Regulars
15895,311,Potential / Regulars
13667,311,Potential / Regulars
15256,311,Potential / Regulars
14722,311,Potential / Regulars
13967,311,Potential / Regulars
17984,311,Potential / Regulars
14117,311,Potential / Regulars
17962,311,Potential / Regulars
14259,311,Potential / Regulars
17694,311,Potential / Regulars
17660,311,Potential / Regulars
15623,311,Potential / Regulars
18262,311,Potential / Regulars
12864,311,Potential / Regulars
16178,311,Potential / Regulars
14100,311,Potential / Regulars
13296,311,Potential / Regulars
17693,311,Potential / Regulars
16447,311,Potential / Regulars
15261,311,Potential / Regulars
13194,311,Potential / Regulars
15118,311,Potential / Regulars
15746,311,Potential / Regulars
18268,311,Potential / Regulars
15776,311,Potential / Regulars
13106,311,Potential / Regulars
14143,311,Potential / Regulars
17939,311,Potential / Regulars
17899,311,Potential / Regulars
15007,311,Potential / Regulars
15438,311,Potential / Regulars
17464,311,Potential / Regulars
16344,311,Potential / Regulars
18203,311,Potential / Regulars
16338,311,Potential / Regulars
16829,311,Potential / Regulars
12977,311,Potential / Regulars
13302,311,Potential / Regulars
17941,311,Potential / Regulars
16292,311,Potential / Regulars
13645,311,Potential / Regulars
13307,311,Potential / Regulars
17122,311,Potential / Regulars
14406,311,Potential / Regulars
15683,311,Potential / Regulars
16961,311,Potential / Regulars
13621,311,Potential / Regulars
12641,311,Potential / Regulars
15541,311,Potential / Regulars
13273,311,Potential / Regulars
15396,311,Potential / Regulars
14772,311,Potential / Regulars
12968,311,Potential / Regulars
17747,311,Potential / Regulars
14076,311,Potential / Regulars
17887,311,Potential / Regulars
15313,311,Potential / Regulars
14523,311,Potential / Regulars
13411,311,Potential / Regulars
15263,311,Potential / Regulars
14314,311,Potential / Regulars
16093,311,Potential / Regulars
17844,311,Potential / Regulars
16429,311,Potential / Regulars
15663,311,Potential / Regulars
18200,311,Potential / Regulars
16641,311,Potential / Regulars
15325,311,Potential / Regulars
13778,311,Potential / Regulars
14972,311,Potential / Regulars
17514,311,Potential / Regulars
12750,311,Potential / Regulars
15374,311,Potential / Regulars
12814,311,Potential / Regulars
15866,311,Potential / Regulars
15254,311,Potential / Regulars
18099,311,Potential / Regulars
13218,311,Potential / Regulars
13513,311,Potential / Regulars
16302,311,Potential / Regulars
17331,311,Potential / Regulars
13045,311,Potential / Regulars
13099,311,Potential / Regulars
15035,311,Potential / Regulars
18255,311,Potential / Regulars
16796,311,Potential / Regulars
18215,311,Potential / Regulars
17433,311,Potential / Regulars
15216,311,Potential / Regulars
16959,311,Potential / Regulars
16451,311,Potential / Regulars
18210,244,Potential / Regulars
12913,244,Potential / Regulars
17230,244,Potential / Regulars
16191,244,Potential / Regulars
14607,244,Potential / Regulars
13093,244,Potential / Regulars
18179,244,Potential / Regulars
17827,244,Potential / Regulars
16905,244,Potential / Regulars
15179,244,Potential / Regulars
13495,244,Potential / Regulars
15514,244,Potential / Regulars
17744,244,Potential / Regulars
16618,244,Potential / Regulars
16497,244,Potential / Regulars
13758,244,Potential / Regulars
13523,244,Potential / Regulars
13317,244,Potential / Regulars
13015,244,Potential / Regulars
12613,244,Potential / Regulars
18231,244,Potential / Regulars
13883,244,Potential / Regulars
12451,244,Potential / Regulars
17504,244,Potential / Regulars
15235,244,Potential / Regulars
16440,244,Potential / Regulars
14515,244,Potential / Regulars
17211,244,Potential / Regulars
12481,244,Potential / Regulars
14841,244,Potential / Regulars
15874,244,Potential / Regulars
13246,244,Potential / Regulars
17463,244,Potential / Regulars
13632,244,Potential / Regulars
14701,244,Potential / Regulars
18260,244,Potential / Regulars
12684,244,Potential / Regulars
12432,244,Potential / Regulars
16966,244,Potential / Regulars
13725,244,Potential / Regulars
15482,244,Potential / Regulars
16242,244,Potential / Regulars
17188,244,Potential / Regulars
15299,244,Potential / Regulars
16553,244,Potential / Regulars
12779,244,Potential / Regulars
12524,244,Potential / Regulars
14506,244,Potential / Regulars
15694,244,Potential / Regulars
15379,244,Potential / Regulars
15687,244,Potential / Regulars
12383,244,Potential / Regulars
17135,243,Potential / Regulars
16725,243,Potential / Regulars
14071,243,Potential / Regulars
15426,243,Potential / Regulars
13715,243,Potential / Regulars
17109,243,Potential / Regulars
17262,243,Potential / Regulars
15898,243,Potential / Regulars
18116,243,Potential / Regulars
15953,243,Potential / Regulars
13118,243,Potential / Regulars
17288,243,Potential / Regulars
13719,243,Potential / Regulars
14794,243,Potential / Regulars
17770,243,Potential / Regulars
16726,243,Potential / Regulars
14447,243,Potential / Regulars
17412,243,Potential / Regulars
14553,243,Potential / Regulars
18239,243,Potential / Regulars
16748,243,Potential / Regulars
15227,243,Potential / Regulars
14573,243,Potential / Regulars
14719,243,Potential / Regulars
17236,243,Potential / Regulars
18168,243,Potential / Regulars
12951,243,Potential / Regulars
15658,243,Potential / Regulars
16987,243,Potential / Regulars
14541,243,Potential / Regulars
15208,243,Potential / Regulars
17063,243,Potential / Regulars
15508,243,Potential / Regulars
12775,243,Potential / Regulars
15038,243,Potential / Regulars
17673,243,Potential / Regulars
16817,243,Potential / Regulars
16949,243,Potential / Regulars
12868,243,Potential / Regulars
17874,243,Potential / Regulars
14587,243,Potential / Regulars
14963,243,Potential / Regulars
17372,243,Potential / Regulars
12778,243,Potential / Regulars
16306,242,Potential / Regulars
13421,234,Potential / Regulars
17672,234,Potential / Regulars
15808,234,Potential / Regulars
15676,234,Potential / Regulars
12370,234,Potential / Regulars
12539,234,Potential / Regulars
12668,234,Potential / Regulars
15032,234,Potential / Regulars
16253,234,Potential / Regulars
12755,234,Potential / Regulars
13344,234,Potential / Regulars
14286,234,Potential / Regulars
15749,234,Potential / Regulars
12754,234,Potential / Regulars
12585,234,Potential / Regulars
14001,234,Potential / Regulars
16698,234,Potential / Regulars
15367,234,Potential / Regulars
12356,234,Potential / Regulars
13362,234,Potential / Regulars
14277,234,Potential / Regulars
12590,234,Potential / Regulars
12625,234,Potential / Regulars
15123,234,Potential / Regulars
16446,234,Potential / Regulars
18287,234,Potential / Regulars
13771,234,Potential / Regulars
17272,234,Potential / Regulars
14828,234,Potential / Regulars
12876,234,Potential / Regulars
17152,234,Potential / Regulars
17648,234,Potential / Regulars
14245,234,Potential / Regulars
13365,234,Potential / Regulars
13952,234,Potential / Regulars
15098,234,Potential / Regulars
16007,234,Potential / Regulars
16938,234,Potential / Regulars
17043,234,Potential / Regulars
13735,234,Potential / Regulars
12429,234,Potential / Regulars
13815,234,Potential / Regulars
14175,234,Potential / Regulars
12798,234,Potential / Regulars
16940,234,Potential / Regulars
15665,234,Potential / Regulars
17768,234,Potential / Regulars
16671,234,Potential / Regulars
15065,234,Potential / Regulars
13982,234,Potential / Regulars
14700,234,Potential / Regulars
12359,234,Potential / Regulars
12424,234,Potential / Regulars
13115,234,Potential / Regulars
12406,234,Potential / Regulars
14229,233,Potential / Regulars
13077,233,Potential / Regulars
17526,233,Potential / Regulars
13819,233,Potential / Regulars
16997,233,Potential / Regulars
12462,233,Potential / Regulars
14297,233,Potential / Regulars
16766,233,Potential / Regulars
17076,233,Potential / Regulars
16037,233,Potential / Regulars
15793,233,Potential / Regulars
13261,233,Potential / Regulars
12849,233,Potential / Regulars
16110,233,Potential / Regulars
17019,233,Potential / Regulars
14075,233,Potential / Regulars
14256,233,Potential / Regulars
16833,233,Potential / Regulars
16692,233,Potential / Regulars
13652,233,Potential / Regulars
16980,233,Potential / Regulars
17075,233,Potential / Regulars
13918,233,Potential / Regulars
16495,233,Potential / Regulars
16221,233,Potential / Regulars
15057,233,Potential / Regulars
15197,233,Potential / Regulars
18080,233,Potential / Regulars
15414,233,Potential / Regulars
13846,233,Potential / Regulars
14669,233,Potential / Regulars
17180,233,Potential / Regulars
15777,233,Potential / Regulars
16882,233,Potential / Regulars
13989,233,Potential / Regulars
14154,233,Potential / Regulars
16770,233,Potential / Regulars
14532,233,Potential / Regulars
12413,233,Potential / Regulars
14631,233,Potential / Regulars
14662,233,Potential / Regulars
16730,233,Potential / Regulars
15436,233,Potential / Regulars
17856,233,Potential / Regulars
17158,233,Potential / Regulars
17277,233,Potential / Regulars
17618,233,Potential / Regulars
15145,233,Potential / Regulars
14449,233,Potential / Regulars
14465,233,Potential / Regulars
16554,233,Potential / Regulars
13692,233,Potential / Regulars
14591,233,Potential / Regulars
16676,233,Potential / Regulars
14920,233,Potential / Regulars
15079,233,Potential / Regulars
16244,233,Potential / Regulars
14233,233,Potential / Regulars
16943,233,Potential / Regulars
18136,233,Potential / Regulars
15489,233,Potential / Regulars
16043,233,Potential / Regulars
12857,233,Potential / Regulars
17886,233,Potential / Regulars
15826,233,Potential / Regulars
16660,233,Potential / Regulars
13623,233,Potential / Regulars
15164,233,Potential / Regulars
16496,233,Potential / Regulars
15813,233,Potential / Regulars
16639,233,Potential / Regulars
13310,233,Potential / Regulars
13659,233,Potential / Regulars
13258,233,Potential / Regulars
15630,233,Potential / Regulars
14442,233,Potential / Regulars
13591,233,Potential / Regulars
16463,233,Potential / Regulars
15791,233,Potential / Regulars
13308,233,Potential / Regulars
14195,233,Potential / Regulars
18125,233,Potential / Regulars
14921,233,Potential / Regulars
14514,233,Potential / Regulars
15563,233,Potential / Regulars
14817,233,Potential / Regulars
18202,233,Potential / Regulars
13168,233,Potential / Regulars
17521,233,Potential / Regulars
14740,233,Potential / Regulars
15104,233,Potential / Regulars
16889,233,Potential / Regulars
15620,233,Potential / Regulars
16023,233,Potential / Regulars
12886,233,Potential / Regulars
17974,233,Potential / Regulars
17646,233,Potential / Regulars
16094,233,Potential / Regulars
14336,233,Potential / Regulars
16539,233,Potential / Regulars
16714,233,Potential / Regulars
12394,233,Potential / Regulars
14161,233,Potential / Regulars
15421,233,Potential / Regulars
13475,233,Potential / Regulars
17472,233,Potential / Regulars
17064,233,Potential / Regulars
17797,233,Potential / Regulars
17115,233,Potential / Regulars
17289,233,Potential / Regulars
16205,233,Potential / Regulars
13761,233,Potential / Regulars
13476,233,Potential / Regulars
15656,233,Potential / Regulars
17101,233,Potential / Regulars
17179,233,Potential / Regulars
15574,233,Potential / Regulars
15907,233,Potential / Regulars
16571,233,Potential / Regulars
15181,233,Potential / Regulars
12463,233,Potential / Regulars
17204,233,Potential / Regulars
17932,233,Potential / Regulars
18062,233,Potential / Regulars
12541,233,Potential / Regulars
14389,233,Potential / Regulars
16320,233,Potential / Regulars
12759,233,Potential / Regulars
13849,233,Potential / Regulars
16214,233,Potential / Regulars
17759,233,Potential / Regulars
17979,233,Potential / Regulars
15027,233,Potential / Regulars
16728,233,Potential / Regulars
15644,233,Potential / Regulars
17980,233,Potential / Regulars
16869,233,Potential / Regulars
15146,233,Potential / Regulars
16200,233,Potential / Regulars
14383,233,Potential / Regulars
14577,233,Potential / Regulars
13238,233,Potential / Regulars
16801,233,Potential / Regulars
14267,233,Potential / Regulars
13282,233,Potential / Regulars
14803,233,Potential / Regulars
13637,233,Potential / Regulars
16520,233,Potential / Regulars
14867,233,Potential / Regulars
15073,233,Potential / Regulars
15449,233,Potential / Regulars
14477,233,Potential / Regulars
14829,233,Potential / Regulars
14231,233,Potential / Regulars
15407,233,Potential / Regulars
14913,233,Potential / Regulars
13963,232,Potential / Regulars
15456,232,Potential / Regulars
16804,232,Potential / Regulars
12845,232,Potential / Regulars
17830,232,Potential / Regulars
15651,232,Potential / Regulars
12811,232,Potential / Regulars
17917,232,Potential / Regulars
15589,232,Potential / Regulars
14779,232,Potential / Regulars
17817,232,Potential / Regulars
16960,232,Potential / Regulars
15018,232,Potential / Regulars
14504,232,Potential / Regulars
14616,232,Potential / Regulars
17990,232,Potential / Regulars
16442,232,Potential / Regulars
16378,232,Potential / Regulars
13892,232,Potential / Regulars
16010,232,Potential / Regulars
16431,232,Potential / Regulars
13487,232,Potential / Regulars
18043,232,Potential / Regulars
17515,232,Potential / Regulars
14731,232,Potential / Regulars
13546,232,Potential / Regulars
17375,232,Potential / Regulars
14593,232,Potential / Regulars
15882,232,Potential / Regulars
12654,232,Potential / Regulars
12999,232,Potential / Regulars
16034,232,Potential / Regulars
17454,232,Potential / Regulars
14173,232,Potential / Regulars
17955,232,Potential / Regulars
17849,232,Potential / Regulars
12414,232,Potential / Regulars
18149,232,Potential / Regulars
15643,232,Potential / Regulars
16005,232,Potential / Regulars
14450,232,Potential / Regulars
14823,232,Potential / Regulars
14871,232,Potential / Regulars
16898,232,Potential / Regulars
16038,232,Potential / Regulars
13951,232,Potential / Regulars
17616,232,Potential / Regulars
15535,232,Potential / Regulars
17897,232,Potential / Regulars
17420,232,Potential / Regulars
12933,232,Potential / Regulars
16566,232,Potential / Regulars
17351,232,Potential / Regulars
14167,232,Potential / Regulars
16473,232,Potential / Regulars
12601,232,Potential / Regulars
16593,232,Potential / Regulars
16357,232,Potential / Regulars
16298,232,Potential / Regulars
17361,232,Potential / Regulars
15969,232,Potential / Regulars
12891,232,Potential / Regulars
12990,232,Potential / Regulars
16955,232,Potential / Regulars
12808,232,Potential / Regulars
15809,232,Potential / Regulars
17360,232,Potential / Regulars
16892,232,Potential / Regulars
15780,232,Potential / Regulars
13666,231,Potential / Regulars
13502,231,Potential / Regulars
17816,231,Potential / Regulars
17580,231,Potential / Regulars
13606,231,Potential / Regulars
13592,231,Potential / Regulars
16226,231,Potential / Regulars
14287,231,Potential / Regulars
16356,231,Potential / Regulars
17550,231,Potential / Regulars
15759,231,Potential / Regulars
13533,231,Potential / Regulars
16832,231,Potential / Regulars
16152,224,Hibernating / Lost
17597,224,Hibernating / Lost
13135,224,Hibernating / Lost
16546,223,Hibernating / Lost
13501,223,Hibernating / Lost
13753,223,Hibernating / Lost
15990,223,Hibernating / Lost
15951,223,Hibernating / Lost
17462,223,Hibernating / Lost
12781,223,Hibernating / Lost
12410,223,Hibernating / Lost
17537,223,Hibernating / Lost
16212,223,Hibernating / Lost
14193,223,Hibernating / Lost
16216,223,Hibernating / Lost
16377,223,Hibernating / Lost
12514,223,Hibernating / Lost
13707,223,Hibernating / Lost
16716,223,Hibernating / Lost
16256,223,Hibernating / Lost
13934,223,Hibernating / Lost
12818,223,Hibernating / Lost
17733,223,Hibernating / Lost
13736,223,Hibernating / Lost
13341,223,Hibernating / Lost
15353,223,Hibernating / Lost
15832,223,Hibernating / Lost
13169,223,Hibernating / Lost
13221,223,Hibernating / Lost
14105,223,Hibernating / Lost
12769,223,Hibernating / Lost
12878,223,Hibernating / Lost
14672,223,Hibernating / Lost
12354,223,Hibernating / Lost
14770,223,Hibernating / Lost
16163,223,Hibernating / Lost
14240,223,Hibernating / Lost
15223,223,Hibernating / Lost
14912,223,Hibernating / Lost
18133,223,Hibernating / Lost
13235,223,Hibernating / Lost
14421,223,Hibernating / Lost
17764,223,Hibernating / Lost
13601,223,Hibernating / Lost
12976,223,Hibernating / Lost
12770,223,Hibernating / Lost
15333,223,Hibernating / Lost
16642,223,Hibernating / Lost
13572,223,Hibernating / Lost
15599,223,Hibernating / Lost
13339,223,Hibernating / Lost
14009,223,Hibernating / Lost
16449,223,Hibernating / Lost
14625,223,Hibernating / Lost
16567,223,Hibernating / Lost
17624,223,Hibernating / Lost
15757,223,Hibernating / Lost
17423,223,Hibernating / Lost
16121,223,Hibernating / Lost
14597,223,Hibernating / Lost
15069,223,Hibernating / Lost
16644,223,Hibernating / Lost
14222,223,Hibernating / Lost
12908,223,Hibernating / Lost
16276,223,Hibernating / Lost
15700,223,Hibernating / Lost
15076,223,Hibernating / Lost
14643,223,Hibernating / Lost
12465,223,Hibernating / Lost
13929,223,Hibernating / Lost
17704,223,Hibernating / Lost
13294,223,Hibernating / Lost
12468,223,Hibernating / Lost
16825,223,Hibernating / Lost
17409,223,Hibernating / Lost
17414,223,Hibernating / Lost
17169,223,Hibernating / Lost
15252,223,Hibernating / Lost
12559,222,Hibernating / Lost
12988,222,Hibernating / Lost
12365,222,Hibernating / Lost
13044,222,Hibernating / Lost
16441,222,Hibernating / Lost
12707,222,Hibernating / Lost
15303,222,Hibernating / Lost
17711,222,Hibernating / Lost
16208,222,Hibernating / Lost
17499,222,Hibernating / Lost
15121,222,Hibernating / Lost
12945,222,Hibernating / Lost
16072,222,Hibernating / Lost
15847,222,Hibernating / Lost
14470,222,Hibernating / Lost
13345,222,Hibernating / Lost
14157,222,Hibernating / Lost
16667,222,Hibernating / Lost
13292,222,Hibernating / Lost
16518,222,Hibernating / Lost
14036,222,Hibernating / Lost
13800,222,Hibernating / Lost
14497,222,Hibernating / Lost
17226,222,Hibernating / Lost
17291,222,Hibernating / Lost
17392,222,Hibernating / Lost
14048,222,Hibernating / Lost
14600,222,Hibernating / Lost
17358,222,Hibernating / Lost
12866,222,Hibernating / Lost
13166,222,Hibernating / Lost
14603,222,Hibernating / Lost
13899,222,Hibernating / Lost
13043,222,Hibernating / Lost
14114,222,Hibernating / Lost
16693,222,Hibernating / Lost
13358,222,Hibernating / Lost
14636,222,Hibernating / Lost
13046,222,Hibernating / Lost
15695,222,Hibernating / Lost
13497,222,Hibernating / Lost
14205,222,Hibernating / Lost
16135,222,Hibernating / Lost
16374,222,Hibernating / Lost
17507,222,Hibernating / Lost
17486,222,Hibernating / Lost
12564,222,Hibernating / Lost
16250,222,Hibernating / Lost
17250,222,Hibernating / Lost
16022,222,Hibernating / Lost
14348,222,Hibernating / Lost
13452,222,Hibernating / Lost
18071,222,Hibernating / Lost
13357,222,Hibernating / Lost
12792,222,Hibernating / Lost
13649,222,Hibernating / Lost
15068,222,Hibernating / Lost
14538,222,Hibernating / Lost
14851,222,Hibernating / Lost
13368,222,Hibernating / Lost
14128,222,Hibernating / Lost
15424,222,Hibernating / Lost
17438,222,Hibernating / Lost
16386,222,Hibernating / Lost
14479,222,Hibernating / Lost
13557,222,Hibernating / Lost
14670,222,Hibernating / Lost
16917,222,Hibernating / Lost
13493,222,Hibernating / Lost
17701,222,Hibernating / Lost
12447,222,Hibernating / Lost
15655,222,Hibernating / Lost
16552,222,Hibernating / Lost
12982,222,Hibernating / Lost
12596,222,Hibernating / Lost
15147,222,Hibernating / Lost
15935,222,Hibernating / Lost
16933,222,Hibernating / Lost
16957,222,Hibernating / Lost
15230,222,Hibernating / Lost
17362,222,Hibernating / Lost
17142,222,Hibernating / Lost
12639,222,Hibernating / Lost
15246,222,Hibernating / Lost
12582,222,Hibernating / Lost
16399,222,Hibernating / Lost
16947,222,Hibernating / Lost
15225,222,Hibernating / Lost
18246,222,Hibernating / Lost
13485,222,Hibernating / Lost
16185,222,Hibernating / Lost
18183,222,Hibernating / Lost
16834,222,Hibernating / Lost
15891,222,Hibernating / Lost
14022,222,Hibernating / Lost
14023,222,Hibernating / Lost
16142,222,Hibernating / Lost
15442,222,Hibernating / Lost
15244,222,Hibernating / Lost
13525,222,Hibernating / Lost
16586,222,Hibernating / Lost
14220,222,Hibernating / Lost
17140,222,Hibernating / Lost
12580,222,Hibernating / Lost
17035,222,Hibernating / Lost
14619,222,Hibernating / Lost
16643,222,Hibernating / Lost
18040,222,Hibernating / Lost
15109,222,Hibernating / Lost
15433,222,Hibernating / Lost
15381,222,Hibernating / Lost
14288,222,Hibernating / Lost
17489,222,Hibernating / Lost
17664,222,Hibernating / Lost
16116,222,Hibernating / Lost
18218,222,Hibernating / Lost
14853,222,Hibernating / Lost
17658,222,Hibernating / Lost
14651,222,Hibernating / Lost
14000,222,Hibernating / Lost
17970,222,Hibernating / Lost
14873,222,Hibernating / Lost
14489,222,Hibernating / Lost
17190,222,Hibernating / Lost
14320,222,Hibernating / Lost
14620,222,Hibernating / Lost
13417,222,Hibernating / Lost
13531,222,Hibernating / Lost
12690,222,Hibernating / Lost
14896,222,Hibernating / Lost
15648,222,Hibernating / Lost
13243,222,Hibernating / Lost
13657,222,Hibernating / Lost
18160,222,Hibernating / Lost
16763,222,Hibernating / Lost
16838,222,Hibernating / Lost
16275,222,Hibernating / Lost
12426,222,Hibernating / Lost
14451,222,Hibernating / Lost
14149,222,Hibernating / Lost
13398,222,Hibernating / Lost
17443,222,Hibernating / Lost
13731,222,Hibernating / Lost
17384,222,Hibernating / Lost
17374,222,Hibernating / Lost
16109,222,Hibernating / Lost
16319,222,Hibernating / Lost
17604,222,Hibernating / Lost
18078,222,Hibernating / Lost
15092,222,Hibernating / Lost
12355,222,Hibernating / Lost
12888,222,Hibernating / Lost
14377,222,Hibernating / Lost
16614,222,Hibernating / Lost
16018,222,Hibernating / Lost
17795,222,Hibernating / Lost
13589,222,Hibernating / Lost
17749,222,Hibernating / Lost
12809,222,Hibernating / Lost
17157,222,Hibernating / Lost
15585,222,Hibernating / Lost
14491,222,Hibernating / Lost
13005,222,Hibernating / Lost
16805,222,Hibernating / Lost
16484,222,Hibernating / Lost
15918,222,Hibernating / Lost
15184,222,Hibernating / Lost
16529,222,Hibernating / Lost
15840,222,Hibernating / Lost
12904,222,Hibernating / Lost
15825,222,Hibernating / Lost
15389,222,Hibernating / Lost
15507,222,Hibernating / Lost
18252,222,Hibernating / Lost
13780,222,Hibernating / Lost
14998,222,Hibernating / Lost
15384,222,Hibernating / Lost
17630,222,Hibernating / Lost
15258,222,Hibernating / Lost
15186,222,Hibernating / Lost
18112,222,Hibernating / Lost
12493,222,Hibernating / Lost
15976,222,Hibernating / Lost
13453,222,Hibernating / Lost
13656,222,Hibernating / Lost
14481,222,Hibernating / Lost
16824,222,Hibernating / Lost
17391,222,Hibernating / Lost
16230,222,Hibernating / Lost
13885,222,Hibernating / Lost
16239,222,Hibernating / Lost
15386,222,Hibernating / Lost
12802,222,Hibernating / Lost
17854,222,Hibernating / Lost
14520,221,Hibernating / Lost
13792,221,Hibernating / Lost
17334,221,Hibernating / Lost
13133,221,Hibernating / Lost
17194,221,Hibernating / Lost
17080,221,Hibernating / Lost
18270,221,Hibernating / Lost
16792,221,Hibernating / Lost
16402,221,Hibernating / Lost
16427,221,Hibernating / Lost
16620,221,Hibernating / Lost
13760,221,Hibernating / Lost
15393,221,Hibernating / Lost
15894,221,Hibernating / Lost
13573,221,Hibernating / Lost
14570,221,Hibernating / Lost
14995,221,Hibernating / Lost
16414,221,Hibernating / Lost
15869,221,Hibernating / Lost
13544,221,Hibernating / Lost
15139,221,Hibernating / Lost
16217,221,Hibernating / Lost
14242,221,Hibernating / Lost
17946,221,Hibernating / Lost
17436,221,Hibernating / Lost
17991,221,Hibernating / Lost
13718,221,Hibernating / Lost
17928,221,Hibernating / Lost
13962,221,Hibernating / Lost
16634,221,Hibernating / Lost
13404,221,Hibernating / Lost
15732,221,Hibernating / Lost
17889,221,Hibernating / Lost
13837,221,Hibernating / Lost
12897,221,Hibernating / Lost
14551,221,Hibernating / Lost
18048,221,Hibernating / Lost
17166,221,Hibernating / Lost
15724,221,Hibernating / Lost
13479,221,Hibernating / Lost
13223,221,Hibernating / Lost
14985,221,Hibernating / Lost
12547,221,Hibernating / Lost
15897,221,Hibernating / Lost
17501,221,Hibernating / Lost
15863,221,Hibernating / Lost
14819,221,Hibernating / Lost
18190,221,Hibernating / Lost
15163,221,Hibernating / Lost
13711,221,Hibernating / Lost
14697,221,Hibernating / Lost
13917,221,Hibernating / Lost
15124,221,Hibernating / Lost
14984,221,Hibernating / Lost
15912,221,Hibernating / Lost
17155,221,Hibernating / Lost
17446,221,Hibernating / Lost
14037,221,Hibernating / Lost
16852,221,Hibernating / Lost
15014,221,Hibernating / Lost
14162,221,Hibernating / Lost
17900,221,Hibernating / Lost
14960,221,Hibernating / Lost
16647,221,Hibernating / Lost
14656,221,Hibernating / Lost
15850,221,Hibernating / Lost
17969,221,Hibernating / Lost
17708,221,Hibernating / Lost
14682,221,Hibernating / Lost
14512,221,Hibernating / Lost
16883,221,Hibernating / Lost
15852,221,Hibernating / Lost
13283,221,Hibernating / Lost
17026,221,Hibernating / Lost
17707,221,Hibernating / Lost
14501,221,Hibernating / Lost
18056,212,Hibernating / Lost
16030,212,Hibernating / Lost
15090,212,Hibernating / Lost
15970,212,Hibernating / Lost
15257,212,Hibernating / Lost
16625,212,Hibernating / Lost
15308,212,Hibernating / Lost
15047,212,Hibernating / Lost
13216,212,Hibernating / Lost
14633,212,Hibernating / Lost
12873,212,Hibernating / Lost
12834,212,Hibernating / Lost
16096,212,Hibernating / Lost
13239,212,Hibernating / Lost
14870,212,Hibernating / Lost
16769,212,Hibernating / Lost
16063,212,Hibernating / Lost
16159,212,Hibernating / Lost
13060,212,Hibernating / Lost
17508,212,Hibernating / Lost
12614,212,Hibernating / Lost
14012,212,Hibernating / Lost
15944,212,Hibernating / Lost
17138,212,Hibernating / Lost
14886,212,Hibernating / Lost
14311,212,Hibernating / Lost
14339,212,Hibernating / Lost
13484,212,Hibernating / Lost
13740,212,Hibernating / Lost
14206,212,Hibernating / Lost
16193,212,Hibernating / Lost
17697,212,Hibernating / Lost
12733,212,Hibernating / Lost
17120,212,Hibernating / Lost
16823,212,Hibernating / Lost
16227,212,Hibernating / Lost
15210,212,Hibernating / Lost
14747,212,Hibernating / Lost
16105,212,Hibernating / Lost
17492,212,Hibernating / Lost
14924,212,Hibernating / Lost
14304,212,Hibernating / Lost
15063,212,Hibernating / Lost
13990,212,Hibernating / Lost
13052,212,Hibernating / Lost
14988,212,Hibernating / Lost
14888,212,Hibernating / Lost
13976,212,Hibernating / Lost
13887,212,Hibernating / Lost
17715,212,Hibernating / Lost
13737,212,Hibernating / Lost
15314,212,Hibernating / Lost
12790,212,Hibernating / Lost
16810,212,Hibernating / Lost
13642,212,Hibernating / Lost
13062,212,Hibernating / Lost
13936,212,Hibernating / Lost
13343,212,Hibernating / Lost
16739,212,Hibernating / Lost
15921,212,Hibernating / Lost
15130,212,Hibernating / Lost
13300,212,Hibernating / Lost
16545,212,Hibernating / Lost
14327,212,Hibernating / Lost
16967,212,Hibernating / Lost
15405,212,Hibernating / Lost
13395,212,Hibernating / Lost
14622,212,Hibernating / Lost
13466,212,Hibernating / Lost
16349,211,Hibernating / Lost
16913,211,Hibernating / Lost
18114,211,Hibernating / Lost
18068,211,Hibernating / Lost
17171,211,Hibernating / Lost
15397,211,Hibernating / Lost
12565,211,Hibernating / Lost
17117,211,Hibernating / Lost
15543,211,Hibernating / Lost
13751,211,Hibernating / Lost
12361,211,Hibernating / Lost
13973,211,Hibernating / Lost
13684,211,Hibernating / Lost
16598,211,Hibernating / Lost
16339,211,Hibernating / Lost
12509,211,Hibernating / Lost
14046,211,Hibernating / Lost
17165,211,Hibernating / Lost
13581,211,Hibernating / Lost
17517,211,Hibernating / Lost
13584,211,Hibernating / Lost
14438,211,Hibernating / Lost
12956,211,Hibernating / Lost
13809,211,Hibernating / Lost
17859,211,Hibernating / Lost
15753,211,Hibernating / Lost
17881,211,Hibernating / Lost
15843,211,Hibernating / Lost
12401,211,Hibernating / Lost
17843,211,Hibernating / Lost
15709,211,Hibernating / Lost
15319,211,Hibernating / Lost
16078,211,Hibernating / Lost
18086,211,Hibernating / Lost
14350,211,Hibernating / Lost
14727,211,Hibernating / Lost
16471,211,Hibernating / Lost
15049,211,Hibernating / Lost
13226,211,Hibernating / Lost
13708,211,Hibernating / Lost
15388,211,Hibernating / Lost
14962,211,Hibernating / Lost
17542,211,Hibernating / Lost
16392,211,Hibernating / Lost
13716,211,Hibernating / Lost
13121,211,Hibernating / Lost
13299,211,Hibernating / Lost
16297,211,Hibernating / Lost
13185,211,Hibernating / Lost
14840,211,Hibernating / Lost
16976,211,Hibernating / Lost
14059,211,Hibernating / Lost
14066,211,Hibernating / Lost
15019,211,Hibernating / Lost
14041,211,Hibernating / Lost
17060,211,Hibernating / Lost
14155,211,Hibernating / Lost
13072,211,Hibernating / Lost
17923,211,Hibernating / Lost
15733,211,Hibernating / Lost
15703,211,Hibernating / Lost
12902,211,Hibernating / Lost
14693,211,Hibernating / Lost
15408,211,Hibernating / Lost
15445,211,Hibernating / Lost
18224,211,Hibernating / Lost
17678,211,Hibernating / Lost
17763,211,Hibernating / Lost
13262,211,Hibernating / Lost
16619,211,Hibernating / Lost
14762,211,Hibernating / Lost
12831,211,Hibernating / Lost
15437,211,Hibernating / Lost
15457,211,Hibernating / Lost
16721,211,Hibernating / Lost
14632,211,Hibernating / Lost
17102,211,Hibernating / Lost
18191,211,Hibernating / Lost
13132,211,Hibernating / Lost
13512,211,Hibernating / Lost
17698,211,Hibernating / Lost
15178,211,Hibernating / Lost
14536,211,Hibernating / Lost
14476,211,Hibernating / Lost
15083,211,Hibernating / Lost
18010,211,Hibernating / Lost
13803,211,Hibernating / Lost
13439,211,Hibernating / Lost
14483,211,Hibernating / Lost
15087,211,Hibernating / Lost
17995,211,Hibernating / Lost
17789,211,Hibernating / Lost
12817,211,Hibernating / Lost
17775,211,Hibernating / Lost
18108,211,Hibernating / Lost
15528,211,Hibernating / Lost
14890,211,Hibernating / Lost
14957,211,Hibernating / Lost
17212,211,Hibernating / Lost
13382,211,Hibernating / Lost
17325,211,Hibernating / Lost
17535,211,Hibernating / Lost
14247,211,Hibernating / Lost
17654,211,Hibernating / Lost
16517,211,Hibernating / Lost
15554,211,Hibernating / Lost
18280,211,Hibernating / Lost
14586,211,Hibernating / Lost
12623,211,Hibernating / Lost
17639,211,Hibernating / Lost
15234,211,Hibernating / Lost
12881,211,Hibernating / Lost
14165,211,Hibernating / Lost
13626,211,Hibernating / Lost
13462,211,Hibernating / Lost
13841,211,Hibernating / Lost
16162,211,Hibernating / Lost
15691,211,Hibernating / Lost
13508,211,Hibernating / Lost
13570,211,Hibernating / Lost
18129,211,Hibernating / Lost
14326,211,Hibernating / Lost
17574,211,Hibernating / Lost
17972,211,Hibernating / Lost
17278,211,Hibernating / Lost
15212,211,Hibernating / Lost
16697,211,Hibernating / Lost
16097,211,Hibernating / Lost
17746,211,Hibernating / Lost
17601,211,Hibernating / Lost
15135,211,Hibernating / Lost
13120,211,Hibernating / Lost
17367,211,Hibernating / Lost
18213,211,Hibernating / Lost
17582,211,Hibernating / Lost
13474,211,Hibernating / Lost
16617,211,Hibernating / Lost
18009,211,Hibernating / Lost
15717,211,Hibernating / Lost
13101,211,Hibernating / Lost
17217,211,Hibernating / Lost
17548,211,Hibernating / Lost
14148,211,Hibernating / Lost
15517,211,Hibernating / Lost
17718,211,Hibernating / Lost
16587,211,Hibernating / Lost
12622,211,Hibernating / Lost
13482,211,Hibernating / Lost
12506,211,Hibernating / Lost
12573,211,Hibernating / Lost
17670,211,Hibernating / Lost
16965,211,Hibernating / Lost
17187,211,Hibernating / Lost
18220,211,Hibernating / Lost
15143,211,Hibernating / Lost
13229,211,Hibernating / Lost
14271,211,Hibernating / Lost
17893,211,Hibernating / Lost
13781,211,Hibernating / Lost
13059,211,Hibernating / Lost
18185,211,Hibernating / Lost
17956,211,Hibernating / Lost
13863,211,Hibernating / Lost
15917,211,Hibernating / Lost
14964,211,Hibernating / Lost
17906,211,Hibernating / Lost
16144,211,Hibernating / Lost
13712,211,Hibernating / Lost
14981,211,Hibernating / Lost
16623,211,Hibernating / Lost
15775,211,Hibernating / Lost
15119,211,Hibernating / Lost
15729,211,Hibernating / Lost
16006,211,Hibernating / Lost
14689,211,Hibernating / Lost
17263,211,Hibernating / Lost
17556,211,Hibernating / Lost
17245,211,Hibernating / Lost
17871,211,Hibernating / Lost
12353,211,Hibernating / Lost
13391,211,Hibernating / Lost
17455,211,Hibernating / Lost
13227,211,Hibernating / Lost
17176,211,Hibernating / Lost
14647,211,Hibernating / Lost
15292,211,Hibernating / Lost
15705,211,Hibernating / Lost
15042,211,Hibernating / Lost
14705,211,Hibernating / Lost
16448,211,Hibernating / Lost
14816,211,Hibernating / Lost
12974,211,Hibernating / Lost
14280,211,Hibernating / Lost
16323,211,Hibernating / Lost
17051,211,Hibernating / Lost
15925,211,Hibernating / Lost
16055,211,Hibernating / Lost
16483,211,Hibernating / Lost
13070,211,Hibernating / Lost
16610,211,Hibernating / Lost
17394,211,Hibernating / Lost
16457,211,Hibernating / Lost
14199,211,Hibernating / Lost
14423,211,Hibernating / Lost
14393,211,Hibernating / Lost
17578,211,Hibernating / Lost
16990,211,Hibernating / Lost
13762,211,Hibernating / Lost
14340,211,Hibernating / Lost
15668,211,Hibernating / Lost
17174,211,Hibernating / Lost
18227,211,Hibernating / Lost
15552,211,Hibernating / Lost
13723,211,Hibernating / Lost
13561,211,Hibernating / Lost
14353,211,Hibernating / Lost
18120,211,Hibernating / Lost
14699,211,Hibernating / Lost
12821,211,Hibernating / Lost
16756,211,Hibernating / Lost
16424,211,Hibernating / Lost
16581,211,Hibernating / Lost
17234,211,Hibernating / Lost
13686,211,Hibernating / Lost
18281,211,Hibernating / Lost
12732,211,Hibernating / Lost
17349,211,Hibernating / Lost
13080,211,Hibernating / Lost
13663,211,Hibernating / Lost
16461,211,Hibernating / Lost
17536,211,Hibernating / Lost
18165,211,Hibernating / Lost
16257,211,Hibernating / Lost
13826,211,Hibernating / Lost
15219,211,Hibernating / Lost
15909,211,Hibernating / Lost
13618,211,Hibernating / Lost
16050,211,Hibernating / Lost
17879,211,Hibernating / Lost
13568,211,Hibernating / Lost
12837,211,Hibernating / Lost
14453,211,Hibernating / Lost
17531,211,Hibernating / Lost
15016,211,Hibernating / Lost
15280,211,Hibernating / Lost
16526,211,Hibernating / Lost
17960,211,Hibernating / Lost
15412,211,Hibernating / Lost
16114,211,Hibernating / Lost
17877,211,Hibernating / Lost
16247,211,Hibernating / Lost
15041,211,Hibernating / Lost
17709,211,Hibernating / Lost
13937,211,Hibernating / Lost
16287,211,Hibernating / Lost
14795,211,Hibernating / Lost
12548,211,Hibernating / Lost
17110,211,Hibernating / Lost
18193,211,Hibernating / Lost
14351,211,Hibernating / Lost
17408,211,Hibernating / Lost
15537,211,Hibernating / Lost
16117,211,Hibernating / Lost
16659,211,Hibernating / Lost
15578,211,Hibernating / Lost
13745,211,Hibernating / Lost
17891,211,Hibernating / Lost
16963,211,Hibernating / Lost
13682,211,Hibernating / Lost
16611,211,Hibernating / Lost
16849,211,Hibernating / Lost
18072,211,Hibernating / Lost
14375,211,Hibernating / Lost
17124,211,Hibernating / Lost
17987,211,Hibernating / Lost
14542,211,Hibernating / Lost
15609,211,Hibernating / Lost
14241,211,Hibernating / Lost
17509,144,At Risk / Can't Lose Them
18139,144,At Risk / Can't Lose Them
15473,144,At Risk / Can't Lose Them
17203,144,At Risk / Can't Lose Them
15993,144,At Risk / Can't Lose Them
17850,144,At Risk / Can't Lose Them
12856,144,At Risk / Can't Lose Them
17086,144,At Risk / Can't Lose Them
14547,144,At Risk / Can't Lose Them
13755,144,At Risk / Can't Lose Them
14673,144,At Risk / Can't Lose Them
13685,144,At Risk / Can't Lose Them
12912,144,At Risk / Can't Lose Them
14653,144,At Risk / Can't Lose Them
14251,144,At Risk / Can't Lose Them
17924,144,At Risk / Can't Lose Them
14723,143,At Risk / Can't Lose Them
14102,143,At Risk / Can't Lose Them
16790,143,At Risk / Can't Lose Them
13882,143,At Risk / Can't Lose Them
14698,143,At Risk / Can't Lose Them
14744,143,At Risk / Can't Lose Them
16500,142,Potential / Regulars
15107,142,Potential / Regulars
12371,134,At Risk / Can't Lose Them
12536,134,At Risk / Can't Lose Them
12578,134,At Risk / Can't Lose Them
14554,134,At Risk / Can't Lose Them
15814,134,At Risk / Can't Lose Them
15113,134,At Risk / Can't Lose Them
17084,134,At Risk / Can't Lose Them
17082,134,At Risk / Can't Lose Them
16986,134,At Risk / Can't Lose Them
15485,134,At Risk / Can't Lose Them
15531,134,At Risk / Can't Lose Them
14544,134,At Risk / Can't Lose Them
12762,134,At Risk / Can't Lose Them
13868,134,At Risk / Can't Lose Them
13297,134,At Risk / Can't Lose Them
13174,134,At Risk / Can't Lose Them
14121,134,At Risk / Can't Lose Them
14216,134,At Risk / Can't Lose Them
16000,134,At Risk / Can't Lose Them
12950,134,At Risk / Can't Lose Them
17406,134,At Risk / Can't Lose Them
13680,134,At Risk / Can't Lose Them
13471,134,At Risk / Can't Lose Them
16120,133,At Risk / Can't Lose Them
16934,133,At Risk / Can't Lose Them
15478,133,At Risk / Can't Lose Them
13396,133,At Risk / Can't Lose Them
13810,133,At Risk / Can't Lose Them
16416,133,At Risk / Can't Lose Them
15787,133,At Risk / Can't Lose Them
17461,133,At Risk / Can't Lose Them
15088,133,At Risk / Can't Lose Them
13212,133,At Risk / Can't Lose Them
16533,133,At Risk / Can't Lose Them
17100,133,At Risk / Can't Lose Them
15497,133,At Risk / Can't Lose Them
13363,133,At Risk / Can't Lose Them
15977,133,At Risk / Can't Lose Them
17500,133,At Risk / Can't Lose Them
16164,133,At Risk / Can't Lose Them
16900,133,At Risk / Can't Lose Them
16020,133,At Risk / Can't Lose Them
16079,133,At Risk / Can't Lose Them
18130,133,At Risk / Can't Lose Them
15009,133,At Risk / Can't Lose Them
15022,133,At Risk / Can't Lose Them
18096,133,At Risk / Can't Lose Them
14856,133,At Risk / Can't Lose Them
13467,133,At Risk / Can't Lose Them
12630,133,At Risk / Can't Lose Them
14893,133,At Risk / Can't Lose Them
17502,133,At Risk / Can't Lose Them
15444,133,At Risk / Can't Lose Them
16295,133,At Risk / Can't Lose Them
18035,133,At Risk / Can't Lose Them
14971,133,At Risk / Can't Lose Them
12882,133,At Risk / Can't Lose Them
13447,133,At Risk / Can't Lose Them
15427,133,At Risk / Can't Lose Them
14234,133,At Risk / Can't Lose Them
16376,133,At Risk / Can't Lose Them
15948,133,At Risk / Can't Lose Them
17350,133,At Risk / Can't Lose Them
12572,133,At Risk / Can't Lose Them
17951,133,At Risk / Can't Lose Them
15111,133,At Risk / Can't Lose Them
14126,133,At Risk / Can't Lose Them
16759,133,At Risk / Can't Lose Them
17621,133,At Risk / Can't Lose Them
12377,133,At Risk / Can't Lose Them
13165,133,At Risk / Can't Lose Them
12427,133,At Risk / Can't Lose Them
12967,133,At Risk / Can't Lose Them
17796,133,At Risk / Can't Lose Them
12646,133,At Risk / Can't Lose Them
16513,133,At Risk / Can't Lose Them
12628,133,At Risk / Can't Lose Them
15621,133,At Risk / Can't Lose Them
14629,133,At Risk / Can't Lose Them
17812,133,At Risk / Can't Lose Them
12723,133,At Risk / Can't Lose Them
16015,133,At Risk / Can't Lose Them
14140,133,At Risk / Can't Lose Them
15965,133,At Risk / Can't Lose Them
14904,133,At Risk / Can't Lose Them
17590,133,At Risk / Can't Lose Them
15525,133,At Risk / Can't Lose Them
15100,133,At Risk / Can't Lose Them
17324,133,At Risk / Can't Lose Them
13455,133,At Risk / Can't Lose Them
15680,133,At Risk / Can't Lose Them
15332,133,At Risk / Can't Lose Them
14138,133,At Risk / Can't Lose Them
13521,133,At Risk / Can't Lose Them
16688,133,At Risk / Can't Lose Them
15156,133,At Risk / Can't Lose Them
15983,133,At Risk / Can't Lose Them
17198,133,At Risk / Can't Lose Them
12985,133,At Risk / Can't Lose Them
17884,133,At Risk / Can't Lose Them
14081,133,At Risk / Can't Lose Them
17095,133,At Risk / Can't Lose Them
17545,132,Potential / Regulars
17295,132,Potential / Regulars
16930,132,Potential / Regulars
16478,132,Potential / Regulars
12498,132,Potential / Regulars
14467,132,Potential / Regulars
14805,132,Potential / Regulars
14710,132,Potential / Regulars
17523,132,Potential / Regulars
15297,132,Potential / Regulars
14618,132,Potential / Regulars
14592,132,Potential / Regulars
17025,132,Potential / Regulars
17014,132,Potential / Regulars
15881,132,Potential / Regulars
17371,132,Potential / Regulars
12577,132,Potential / Regulars
16885,132,Potential / Regulars
12970,132,Potential / Regulars
13558,132,Potential / Regulars
12827,132,Potential / Regulars
16851,132,Potential / Regulars
15028,132,Potential / Regulars
14910,132,Potential / Regulars
17835,132,Potential / Regulars
13318,132,Potential / Regulars
17062,132,Potential / Regulars
13171,132,Potential / Regulars
14176,132,Potential / Regulars
13894,132,Potential / Regulars
17912,132,Potential / Regulars
15516,131,Potential / Regulars
18059,131,Potential / Regulars
14385,131,Potential / Regulars
14836,131,Potential / Regulars
15060,131,Potential / Regulars
12346,124,Hibernating / Lost
14439,124,Hibernating / Lost
12764,124,Hibernating / Lost
12501,124,Hibernating / Lost
12454,124,Hibernating / Lost
13422,124,Hibernating / Lost
13763,124,Hibernating / Lost
16380,124,Hibernating / Lost
12349,124,Hibernating / Lost
12357,124,Hibernating / Lost
17313,124,Hibernating / Lost
16751,124,Hibernating / Lost
16754,124,Hibernating / Lost
15195,124,Hibernating / Lost
14935,124,Hibernating / Lost
12652,123,Hibernating / Lost
15171,123,Hibernating / Lost
16222,123,Hibernating / Lost
13328,123,Hibernating / Lost
15464,123,Hibernating / Lost
12735,123,Hibernating / Lost
12607,123,Hibernating / Lost
12772,123,Hibernating / Lost
13464,123,Hibernating / Lost
12446,123,Hibernating / Lost
13853,123,Hibernating / Lost
13878,123,Hibernating / Lost
12475,123,Hibernating / Lost
16563,123,Hibernating / Lost
15066,123,Hibernating / Lost
17244,123,Hibernating / Lost
14015,123,Hibernating / Lost
12611,123,Hibernating / Lost
17934,123,Hibernating / Lost
17354,123,Hibernating / Lost
14923,123,Hibernating / Lost
16260,123,Hibernating / Lost
16491,123,Hibernating / Lost
12398,123,Hibernating / Lost
13635,123,Hibernating / Lost
14488,123,Hibernating / Lost
17018,123,Hibernating / Lost
14179,123,Hibernating / Lost
13607,123,Hibernating / Lost
15255,123,Hibernating / Lost
13587,123,Hibernating / Lost
13689,123,Hibernating / Lost
17197,123,Hibernating / Lost
18082,123,Hibernating / Lost
17044,123,Hibernating / Lost
12374,123,Hibernating / Lost
14725,123,Hibernating / Lost
12847,123,Hibernating / Lost
17397,123,Hibernating / Lost
12603,123,Hibernating / Lost
16747,123,Hibernating / Lost
15576,123,Hibernating / Lost
18104,123,Hibernating / Lost
17425,123,Hibernating / Lost
12658,123,Hibernating / Lost
17727,123,Hibernating / Lost
14756,123,Hibernating / Lost
16800,123,Hibernating / Lost
14550,123,Hibernating / Lost
14815,123,Hibernating / Lost
16347,123,Hibernating / Lost
15654,123,Hibernating / Lost
17387,123,Hibernating / Lost
17761,123,Hibernating / Lost
16070,123,Hibernating / Lost
15330,123,Hibernating / Lost
16505,123,Hibernating / Lost
16284,123,Hibernating / Lost
12838,123,Hibernating / Lost
18085,123,Hibernating / Lost
13040,123,Hibernating / Lost
17321,123,Hibernating / Lost
17566,123,Hibernating / Lost
16367,123,Hibernating / Lost
16560,123,Hibernating / Lost
14788,123,Hibernating / Lost
16270,123,Hibernating / Lost
13370,123,Hibernating / Lost
16140,123,Hibernating / Lost
13596,123,Hibernating / Lost
18156,123,Hibernating / Lost
15274,123,Hibernating / Lost
13030,123,Hibernating / Lost
15822,123,Hibernating / Lost
17666,123,Hibernating / Lost
12478,123,Hibernating / Lost
15649,123,Hibernating / Lost
13329,123,Hibernating / Lost
15211,123,Hibernating / Lost
12713,123,Hibernating / Lost
17829,123,Hibernating / Lost
14644,123,Hibernating / Lost
13893,123,Hibernating / Lost
16494,123,Hibernating / Lost
13151,123,Hibernating / Lost
14411,123,Hibernating / Lost
14270,122,Hibernating / Lost
18106,122,Hibernating / Lost
13385,122,Hibernating / Lost
18233,122,Hibernating / Lost
14130,122,Hibernating / Lost
15213,122,Hibernating / Lost
15222,122,Hibernating / Lost
13615,122,Hibernating / Lost
12591,122,Hibernating / Lost
15415,122,Hibernating / Lost
17431,122,Hibernating / Lost
15448,122,Hibernating / Lost
18095,122,Hibernating / Lost
15661,122,Hibernating / Lost
13473,122,Hibernating / Lost
13352,122,Hibernating / Lost
15553,122,Hibernating / Lost
15193,122,Hibernating / Lost
12824,122,Hibernating / Lost
12667,122,Hibernating / Lost
12631,122,Hibernating / Lost
17614,122,Hibernating / Lost
15994,122,Hibernating / Lost
17520,122,Hibernating / Lost
16737,122,Hibernating / Lost
13594,122,Hibernating / Lost
12863,122,Hibernating / Lost
15468,122,Hibernating / Lost
15803,122,Hibernating / Lost
15006,122,Hibernating / Lost
15579,122,Hibernating / Lost
14638,122,Hibernating / Lost
13245,122,Hibernating / Lost
12403,122,Hibernating / Lost
14967,122,Hibernating / Lost
13974,122,Hibernating / Lost
15677,122,Hibernating / Lost
15000,122,Hibernating / Lost
16742,122,Hibernating / Lost
15142,122,Hibernating / Lost
18240,122,Hibernating / Lost
14474,122,Hibernating / Lost
14139,122,Hibernating / Lost
13176,122,Hibernating / Lost
15592,122,Hibernating / Lost
15345,122,Hibernating / Lost
16708,122,Hibernating / Lost
15158,122,Hibernating / Lost
16056,122,Hibernating / Lost
17712,122,Hibernating / Lost
12448,122,Hibernating / Lost
16345,122,Hibernating / Lost
14752,122,Hibernating / Lost
17459,122,Hibernating / Lost
17418,122,Hibernating / Lost
14333,122,Hibernating / Lost
15091,122,Hibernating / Lost
15930,122,Hibernating / Lost
13278,122,Hibernating / Lost
14158,122,Hibernating / Lost
18067,122,Hibernating / Lost
16127,122,Hibernating / Lost
15360,122,Hibernating / Lost
16881,122,Hibernating / Lost
14184,122,Hibernating / Lost
15339,122,Hibernating / Lost
15739,122,Hibernating / Lost
15127,122,Hibernating / Lost
14317,122,Hibernating / Lost
13602,122,Hibernating / Lost
15264,122,Hibernating / Lost
13049,122,Hibernating / Lost
15300,122,Hibernating / Lost
15837,122,Hibernating / Lost
12740,122,Hibernating / Lost
12420,122,Hibernating / Lost
14427,122,Hibernating / Lost
13359,122,Hibernating / Lost
13260,122,Hibernating / Lost
15821,122,Hibernating / Lost
16685,122,Hibernating / Lost
12552,122,Hibernating / Lost
12491,122,Hibernating / Lost
16025,122,Hibernating / Lost
15557,122,Hibernating / Lost
17052,122,Hibernating / Lost
13732,122,Hibernating / Lost
12508,122,Hibernating / Lost
14382,122,Hibernating / Lost
16207,122,Hibernating / Lost
16504,122,Hibernating / Lost
17540,122,Hibernating / Lost
15524,122,Hibernating / Lost
15720,122,Hibernating / Lost
17357,122,Hibernating / Lost
16855,122,Hibernating / Lost
16204,122,Hibernating / Lost
15967,122,Hibernating / Lost
18006,122,Hibernating / Lost
13816,122,Hibernating / Lost
15269,122,Hibernating / Lost
13028,122,Hibernating / Lost
17985,122,Hibernating / Lost
14416,122,Hibernating / Lost
17330,122,Hibernating / Lost
12391,122,Hibernating / Lost
18034,122,Hibernating / Lost
15368,122,Hibernating / Lost
15830,122,Hibernating / Lost
15275,122,Hibernating / Lost
16884,122,Hibernating / Lost
18164,122,Hibernating / Lost
15963,122,Hibernating / Lost
17555,122,Hibernating / Lost
12795,122,Hibernating / Lost
15645,122,Hibernating / Lost
17432,122,Hibernating / Lost
16352,122,Hibernating / Lost
16311,122,Hibernating / Lost
17453,122,Hibernating / Lost
14675,122,Hibernating / Lost
16343,122,Hibernating / Lost
12452,122,Hibernating / Lost
15725,122,Hibernating / Lost
14539,122,Hibernating / Lost
15872,122,Hibernating / Lost
17329,122,Hibernating / Lost
17595,122,Hibernating / Lost
14093,122,Hibernating / Lost
15721,122,Hibernating / Lost
12479,122,Hibernating / Lost
17379,122,Hibernating / Lost
17806,122,Hibernating / Lost
17237,122,Hibernating / Lost
13068,122,Hibernating / Lost
15551,122,Hibernating / Lost
13721,122,Hibernating / Lost
16602,122,Hibernating / Lost
13914,122,Hibernating / Lost
17078,122,Hibernating / Lost
12784,122,Hibernating / Lost
18022,122,Hibernating / Lost
14882,122,Hibernating / Lost
13727,122,Hibernating / Lost
16243,122,Hibernating / Lost
16372,122,Hibernating / Lost
12638,122,Hibernating / Lost
14664,122,Hibernating / Lost
17623,122,Hibernating / Lost
13673,122,Hibernating / Lost
13066,122,Hibernating / Lost
15957,122,Hibernating / Lost
18123,122,Hibernating / Lost
15043,122,Hibernating / Lost
18216,122,Hibernating / Lost
16732,122,Hibernating / Lost
12504,122,Hibernating / Lost
15450,122,Hibernating / Lost
13255,122,Hibernating / Lost
15012,122,Hibernating / Lost
15165,122,Hibernating / Lost
18074,122,Hibernating / Lost
17880,122,Hibernating / Lost
14448,122,Hibernating / Lost
17890,122,Hibernating / Lost
15361,122,Hibernating / Lost
16812,122,Hibernating / Lost
16499,122,Hibernating / Lost
14150,122,Hibernating / Lost
13496,122,Hibernating / Lost
17525,122,Hibernating / Lost
15101,122,Hibernating / Lost
16134,122,Hibernating / Lost
15224,122,Hibernating / Lost
18176,122,Hibernating / Lost
13874,122,Hibernating / Lost
17913,122,Hibernating / Lost
16916,122,Hibernating / Lost
17964,122,Hibernating / Lost
17235,122,Hibernating / Lost
17495,122,Hibernating / Lost
14594,122,Hibernating / Lost
17221,122,Hibernating / Lost
15539,122,Hibernating / Lost
12944,122,Hibernating / Lost
13817,122,Hibernating / Lost
12793,122,Hibernating / Lost
14396,122,Hibernating / Lost
12725,122,Hibernating / Lost
16561,122,Hibernating / Lost
13822,122,Hibernating / Lost
13153,122,Hibernating / Lost
15773,122,Hibernating / Lost
17936,122,Hibernating / Lost
12719,122,Hibernating / Lost
12673,122,Hibernating / Lost
16535,122,Hibernating / Lost
13506,122,Hibernating / Lost
16718,122,Hibernating / Lost
13034,122,Hibernating / Lost
13579,122,Hibernating / Lost
16811,122,Hibernating / Lost
15919,122,Hibernating / Lost
17290,122,Hibernating / Lost
17119,122,Hibernating / Lost
18154,122,Hibernating / Lost
13569,122,Hibernating / Lost
13173,122,Hibernating / Lost
17232,122,Hibernating / Lost
16368,122,Hibernating / Lost
15471,122,Hibernating / Lost
15883,122,Hibernating / Lost
17503,122,Hibernating / Lost
15221,122,Hibernating / Lost
13270,122,Hibernating / Lost
17999,122,Hibernating / Lost
16863,122,Hibernating / Lost
12386,122,Hibernating / Lost
15877,122,Hibernating / Lost
17668,122,Hibernating / Lost
16322,122,Hibernating / Lost
14987,122,Hibernating / Lost
16795,122,Hibernating / Lost
12872,122,Hibernating / Lost
14496,122,Hibernating / Lost
14431,122,Hibernating / Lost
14555,122,Hibernating / Lost
18159,122,Hibernating / Lost
15406,122,Hibernating / Lost
16084,122,Hibernating / Lost
14754,122,Hibernating / Lost
14379,122,Hibernating / Lost
13904,122,Hibernating / Lost
17223,122,Hibernating / Lost
15422,121,Hibernating / Lost
14761,121,Hibernating / Lost
14624,121,Hibernating / Lost
17771,121,Hibernating / Lost
17186,121,Hibernating / Lost
12522,121,Hibernating / Lost
12512,121,Hibernating / Lost
16454,121,Hibernating / Lost
15355,121,Hibernating / Lost
13460,121,Hibernating / Lost
14784,121,Hibernating / Lost
17081,121,Hibernating / Lost
17549,121,Hibernating / Lost
16506,121,Hibernating / Lost
13565,121,Hibernating / Lost
13978,121,Hibernating / Lost
15054,121,Hibernating / Lost
17852,121,Hibernating / Lost
17772,121,Hibernating / Lost
14785,121,Hibernating / Lost
16479,121,Hibernating / Lost
17468,121,Hibernating / Lost
15612,121,Hibernating / Lost
17737,121,Hibernating / Lost
13651,121,Hibernating / Lost
17608,121,Hibernating / Lost
15526,121,Hibernating / Lost
17181,121,Hibernating / Lost
17760,121,Hibernating / Lost
16048,121,Hibernating / Lost
12829,121,Hibernating / Lost
14865,121,Hibernating / Lost
15545,121,Hibernating / Lost
14354,121,Hibernating / Lost
14813,121,Hibernating / Lost
16411,121,Hibernating / Lost
17254,121,Hibernating / Lost
18030,121,Hibernating / Lost
17691,121,Hibernating / Lost
18005,121,Hibernating / Lost
16313,121,Hibernating / Lost
16596,121,Hibernating / Lost
17430,121,Hibernating / Lost
16519,121,Hibernating / Lost
13672,121,Hibernating / Lost
16897,121,Hibernating / Lost
17255,121,Hibernating / Lost
16405,121,Hibernating / Lost
16850,112,Hibernating / Lost
15326,112,Hibernating / Lost
17569,112,Hibernating / Lost
17862,112,Hibernating / Lost
17239,112,Hibernating / Lost
12489,112,Hibernating / Lost
16982,112,Hibernating / Lost
16776,112,Hibernating / Lost
14537,112,Hibernating / Lost
16052,112,Hibernating / Lost
17201,112,Hibernating / Lost
13923,112,Hibernating / Lost
17205,112,Hibernating / Lost
15678,112,Hibernating / Lost
17973,112,Hibernating / Lost
16826,112,Hibernating / Lost
16123,112,Hibernating / Lost
15664,112,Hibernating / Lost
16177,112,Hibernating / Lost
14484,112,Hibernating / Lost
13897,112,Hibernating / Lost
16071,112,Hibernating / Lost
18276,112,Hibernating / Lost
17878,112,Hibernating / Lost
17839,112,Hibernating / Lost
16183,112,Hibernating / Lost
15385,112,Hibernating / Lost
13801,112,Hibernating / Lost
13351,112,Hibernating / Lost
17222,112,Hibernating / Lost
16803,112,Hibernating / Lost
16758,112,Hibernating / Lost
15766,112,Hibernating / Lost
13845,112,Hibernating / Lost
12519,112,Hibernating / Lost
16595,112,Hibernating / Lost
16830,112,Hibernating / Lost
16971,112,Hibernating / Lost
12617,112,Hibernating / Lost
16903,112,Hibernating / Lost
12538,112,Hibernating / Lost
13091,112,Hibernating / Lost
14902,112,Hibernating / Lost
18117,112,Hibernating / Lost
17793,112,Hibernating / Lost
17510,112,Hibernating / Lost
18181,112,Hibernating / Lost
12890,112,Hibernating / Lost
16423,112,Hibernating / Lost
15900,112,Hibernating / Lost
14528,112,Hibernating / Lost
14950,112,Hibernating / Lost
15115,112,Hibernating / Lost
16366,112,Hibernating / Lost
14424,112,Hibernating / Lost
13986,112,Hibernating / Lost
15699,112,Hibernating / Lost
16956,112,Hibernating / Lost
17458,112,Hibernating / Lost
13332,112,Hibernating / Lost
14703,112,Hibernating / Lost
14954,112,Hibernating / Lost
13844,112,Hibernating / Lost
15619,112,Hibernating / Lost
12544,112,Hibernating / Lost
17911,112,Hibernating / Lost
12953,112,Hibernating / Lost
15010,112,Hibernating / Lost
16318,112,Hibernating / Lost
15597,112,Hibernating / Lost
15025,112,Hibernating / Lost
15870,112,Hibernating / Lost
15153,112,Hibernating / Lost
12532,112,Hibernating / Lost
14729,112,Hibernating / Lost
15922,112,Hibernating / Lost
16274,112,Hibernating / Lost
14142,112,Hibernating / Lost
14804,112,Hibernating / Lost
12785,112,Hibernating / Lost
16202,112,Hibernating / Lost
15789,112,Hibernating / Lost
15204,112,Hibernating / Lost
13108,112,Hibernating / Lost
15363,112,Hibernating / Lost
17976,112,Hibernating / Lost
16781,112,Hibernating / Lost
12515,112,Hibernating / Lost
15880,112,Hibernating / Lost
13790,112,Hibernating / Lost
16858,112,Hibernating / Lost
15318,112,Hibernating / Lost
17914,112,Hibernating / Lost
12650,112,Hibernating / Lost
15973,112,Hibernating / Lost
15520,112,Hibernating / Lost
13298,112,Hibernating / Lost
13369,112,Hibernating / Lost
14932,112,Hibernating / Lost
16065,112,Hibernating / Lost
14850,112,Hibernating / Lost
13494,112,Hibernating / Lost
12373,112,Hibernating / Lost
13706,112,Hibernating / Lost
15236,112,Hibernating / Lost
16509,112,Hibernating / Lost
12852,112,Hibernating / Lost
18250,112,Hibernating / Lost
12350,112,Hibernating / Lost
16351,111,Hibernating / Lost
13144,111,Hibernating / Lost
15346,111,Hibernating / Lost
12736,111,Hibernating / Lost
14185,111,Hibernating / Lost
15447,111,Hibernating / Lost
16315,111,Hibernating / Lost
15510,111,Hibernating / Lost
13284,111,Hibernating / Lost
12672,111,Hibernating / Lost
15316,111,Hibernating / Lost
14238,111,Hibernating / Lost
13859,111,Hibernating / Lost
18212,111,Hibernating / Lost
13898,111,Hibernating / Lost
15395,111,Hibernating / Lost
14090,111,Hibernating / Lost
12665,111,Hibernating / Lost
15262,111,Hibernating / Lost
12402,111,Hibernating / Lost
13008,111,Hibernating / Lost
16387,111,Hibernating / Lost
17094,111,Hibernating / Lost
15174,111,Hibernating / Lost
17714,111,Hibernating / Lost
15167,111,Hibernating / Lost
14068,111,Hibernating / Lost
14782,111,Hibernating / Lost
15820,111,Hibernating / Lost
13551,111,Hibernating / Lost
15052,111,Hibernating / Lost
14368,111,Hibernating / Lost
16757,111,Hibernating / Lost
13703,111,Hibernating / Lost
14248,111,Hibernating / Lost
13002,111,Hibernating / Lost
17118,111,Hibernating / Lost
16124,111,Hibernating / Lost
12574,111,Hibernating / Lost
13161,111,Hibernating / Lost
16403,111,Hibernating / Lost
17619,111,Hibernating / Lost
13600,111,Hibernating / Lost
16282,111,Hibernating / Lost
15266,111,Hibernating / Lost
13187,111,Hibernating / Lost
15607,111,Hibernating / Lost
14889,111,Hibernating / Lost
17128,111,Hibernating / Lost
12651,111,Hibernating / Lost
18032,111,Hibernating / Lost
18169,111,Hibernating / Lost
18126,111,Hibernating / Lost
13980,111,Hibernating / Lost
15886,111,Hibernating / Lost
14027,111,Hibernating / Lost
16179,111,Hibernating / Lost
17620,111,Hibernating / Lost
16171,111,Hibernating / Lost
13690,111,Hibernating / Lost
14642,111,Hibernating / Lost
12602,111,Hibernating / Lost
16753,111,Hibernating / Lost
18277,111,Hibernating / Lost
17279,111,Hibernating / Lost
14975,111,Hibernating / Lost
16773,111,Hibernating / Lost
16430,111,Hibernating / Lost
16793,111,Hibernating / Lost
13858,111,Hibernating / Lost
14089,111,Hibernating / Lost
16413,111,Hibernating / Lost
13006,111,Hibernating / Lost
17986,111,Hibernating / Lost
16542,111,Hibernating / Lost
18042,111,Hibernating / Lost
16412,111,Hibernating / Lost
17534,111,Hibernating / Lost
15335,111,Hibernating / Lost
17206,111,Hibernating / Lost
17785,111,Hibernating / Lost
16932,111,Hibernating / Lost
16363,111,Hibernating / Lost
14830,111,Hibernating / Lost
15598,111,Hibernating / Lost
15327,111,Hibernating / Lost
14861,111,Hibernating / Lost
15604,111,Hibernating / Lost
14381,111,Hibernating / Lost
15637,111,Hibernating / Lost
16848,111,Hibernating / Lost
15610,111,Hibernating / Lost
15853,111,Hibernating / Lost
18019,111,Hibernating / Lost
17824,111,Hibernating / Lost
14799,111,Hibernating / Lost
17148,111,Hibernating / Lost
16591,111,Hibernating / Lost
15774,111,Hibernating / Lost
13366,111,Hibernating / Lost
16846,111,Hibernating / Lost
14585,111,Hibernating / Lost
17125,111,Hibernating / Lost
15836,111,Hibernating / Lost
15286,111,Hibernating / Lost
17832,111,Hibernating / Lost
15740,111,Hibernating / Lost
16017,111,Hibernating / Lost
13598,111,Hibernating / Lost
17111,111,Hibernating / Lost
17836,111,Hibernating / Lost
15277,111,Hibernating / Lost
14764,111,Hibernating / Lost
17344,111,Hibernating / Lost
15844,111,Hibernating / Lost
18045,111,Hibernating / Lost
13182,111,Hibernating / Lost
14598,111,Hibernating / Lost
15320,111,Hibernating / Lost
16415,111,Hibernating / Lost
17895,111,Hibernating / Lost
12812,111,Hibernating / Lost
17684,111,Hibernating / Lost
16847,111,Hibernating / Lost
16026,111,Hibernating / Lost
12430,111,Hibernating / Lost
14357,111,Hibernating / Lost
16680,111,Hibernating / Lost
15659,111,Hibernating / Lost
14218,111,Hibernating / Lost
15096,111,Hibernating / Lost
16648,111,Hibernating / Lost
16601,111,Hibernating / Lost
14582,111,Hibernating / Lost
15748,111,Hibernating / Lost
14295,111,Hibernating / Lost
16190,111,Hibernating / Lost
15667,111,Hibernating / Lost
12588,111,Hibernating / Lost
12581,111,Hibernating / Lost
13103,111,Hibernating / Lost
17957,111,Hibernating / Lost
15276,111,Hibernating / Lost
16106,111,Hibernating / Lost
13483,111,Hibernating / Lost
17382,111,Hibernating / Lost
12789,111,Hibernating / Lost
13947,111,Hibernating / Lost
17647,111,Hibernating / Lost
14054,111,Hibernating / Lost
18033,111,Hibernating / Lost
16895,111,Hibernating / Lost
13504,111,Hibernating / Lost
16432,111,Hibernating / Lost
14518,111,Hibernating / Lost
15937,111,Hibernating / Lost
12923,111,Hibernating / Lost
13348,111,Hibernating / Lost
13177,111,Hibernating / Lost
13876,111,Hibernating / Lost
13806,111,Hibernating / Lost
13419,111,Hibernating / Lost
17030,111,Hibernating / Lost
14792,111,Hibernating / Lost
16104,111,Hibernating / Lost
13259,111,Hibernating / Lost
16248,111,Hibernating / Lost
18088,111,Hibernating / Lost
13193,111,Hibernating / Lost
14801,111,Hibernating / Lost
16921,111,Hibernating / Lost
14485,111,Hibernating / Lost
15423,111,Hibernating / Lost
13697,111,Hibernating / Lost
14345,111,Hibernating / Lost
12659,111,Hibernating / Lost
17791,111,Hibernating / Lost
15463,111,Hibernating / Lost
17977,111,Hibernating / Lost
14863,111,Hibernating / Lost
17901,111,Hibernating / Lost
18209,111,Hibernating / Lost
16433,111,Hibernating / Lost
15692,111,Hibernating / Lost
18014,111,Hibernating / Lost
14789,111,Hibernating / Lost
14661,111,Hibernating / Lost
13170,111,Hibernating / Lost
13146,111,Hibernating / Lost
13603,111,Hibernating / Lost
16720,111,Hibernating / Lost
16936,111,Hibernating / Lost
12938,111,Hibernating / Lost
15168,111,Hibernating / Lost
17538,111,Hibernating / Lost
15458,111,Hibernating / Lost
14953,111,Hibernating / Lost
14494,111,Hibernating / Lost
15758,111,Hibernating / Lost
14666,111,Hibernating / Lost
14714,111,Hibernating / Lost
17153,111,Hibernating / Lost
15556,111,Hibernating / Lost
15419,111,Hibernating / Lost
17680,111,Hibernating / Lost
13926,111,Hibernating / Lost
17896,111,Hibernating / Lost
15432,111,Hibernating / Lost
13449,111,Hibernating / Lost
15657,111,Hibernating / Lost
13160,111,Hibernating / Lost
14362,111,Hibernating / Lost
13828,111,Hibernating / Lost
15435,111,Hibernating / Lost
12445,111,Hibernating / Lost
14641,111,Hibernating / Lost
12618,111,Hibernating / Lost
17286,111,Hibernating / Lost
17904,111,Hibernating / Lost
17301,111,Hibernating / Lost
14793,111,Hibernating / Lost
17650,111,Hibernating / Lost
18105,111,Hibernating / Lost
14974,111,Hibernating / Lost
17947,111,Hibernating / Lost
13271,111,Hibernating / Lost
12702,111,Hibernating / Lost
14881,111,Hibernating / Lost
16784,111,Hibernating / Lost
14052,111,Hibernating / Lost
18110,111,Hibernating / Lost
17561,111,Hibernating / Lost
15988,111,Hibernating / Lost
16666,111,Hibernating / Lost
14860,111,Hibernating / Lost
17636,111,Hibernating / Lost
13832,111,Hibernating / Lost
13142,111,Hibernating / Lost
15567,111,Hibernating / Lost
16406,111,Hibernating / Lost
15857,111,Hibernating / Lost
12984,111,Hibernating / Lost
17253,111,Hibernating / Lost
13739,111,Hibernating / Lost
17010,111,Hibernating / Lost
14300,111,Hibernating / Lost
13322,111,Hibernating / Lost
17297,111,Hibernating / Lost
12920,111,Hibernating / Lost
18249,111,Hibernating / Lost
12586,111,Hibernating / Lost
15634,111,Hibernating / Lost
13403,111,Hibernating / Lost
17600,111,Hibernating / Lost
14581,111,Hibernating / Lost
18084,111,Hibernating / Lost
13638,111,Hibernating / Lost
16482,111,Hibernating / Lost
17767,111,Hibernating / Lost
17247,111,Hibernating / Lost
18184,111,Hibernating / Lost
15428,111,Hibernating / Lost
17385,111,Hibernating / Lost
12531,111,Hibernating / Lost
14966,111,Hibernating / Lost
14946,111,Hibernating / Lost
16856,111,Hibernating / Lost
16024,111,Hibernating / Lost
17885,111,Hibernating / Lost
12660,111,Hibernating / Lost
15540,111,Hibernating / Lost
17359,111,Hibernating / Lost
13188,111,Hibernating / Lost
14480,111,Hibernating / Lost
13428,111,Hibernating / Lost
15790,111,Hibernating / Lost
14349,111,Hibernating / Lost
13349,111,Hibernating / Lost
15148,111,Hibernating / Lost
14601,111,Hibernating / Lost
15783,111,Hibernating / Lost
16337,111,Hibernating / Lost
14098,111,Hibernating / Lost
17403,111,Hibernating / Lost
16914,111,Hibernating / Lost
12966,111,Hibernating / Lost
18058,111,Hibernating / Lost
17274,111,Hibernating / Lost
17233,111,Hibernating / Lost
16887,111,Hibernating / Lost
13938,111,Hibernating / Lost
15017,111,Hibernating / Lost
13532,111,Hibernating / Lost
16445,111,Hibernating / Lost
14174,111,Hibernating / Lost
14039,111,Hibernating / Lost
17831,111,Hibernating / Lost
14080,111,Hibernating / Lost
14073,111,Hibernating / Lost
14929,111,Hibernating / Lost
17219,111,Hibernating / Lost
17022,111,Hibernating / Lost
13710,111,Hibernating / Lost
12893,111,Hibernating / Lost
17011,111,Hibernating / Lost
17038,111,Hibernating / Lost
14968,111,Hibernating / Lost
16516,111,Hibernating / Lost
13522,111,Hibernating / Lost
15986,111,Hibernating / Lost
13992,111,Hibernating / Lost
16953,111,Hibernating / Lost
18274,111,Hibernating / Lost
13747,111,Hibernating / Lost
12791,111,Hibernating / Lost
17908,111,Hibernating / Lost
16583,111,Hibernating / Lost
17968,111,Hibernating / Lost
14237,111,Hibernating / Lost
15350,111,Hibernating / Lost
17643,111,Hibernating / Lost
13065,111,Hibernating / Lost
18011,111,Hibernating / Lost
15904,111,Hibernating / Lost
16789,111,Hibernating / Lost
14082,111,Hibernating / Lost
15723,111,Hibernating / Lost
16727,111,Hibernating / Lost
16565,111,Hibernating / Lost
15503,111,Hibernating / Lost
17251,111,Hibernating / Lost
14413,111,Hibernating / Lost
18004,111,Hibernating / Lost
16665,111,Hibernating / Lost
15454,111,Hibernating / Lost
17303,111,Hibernating / Lost
17524,111,Hibernating / Lost
13948,111,Hibernating / Lost
13295,111,Hibernating / Lost
17551,111,Hibernating / Lost
18050,111,Hibernating / Lost
17752,111,Hibernating / Lost
14373,111,Hibernating / Lost
17496,111,Hibernating / Lost
12551,111,Hibernating / Lost
15160,111,Hibernating / Lost
13033,111,Hibernating / Lost
17343,111,Hibernating / Lost
17925,111,Hibernating / Lost
15070,111,Hibernating / Lost
15923,111,Hibernating / Lost
16752,111,Hibernating / Lost
16510,111,Hibernating / Lost
15823,111,Hibernating / Lost
13011,111,Hibernating / Lost
14576,111,Hibernating / Lost
12738,111,Hibernating / Lost
17732,111,Hibernating / Lost
12855,111,Hibernating / Lost
17855,111,Hibernating / Lost
12558,111,Hibernating / Lost
17942,111,Hibernating / Lost
12587,111,Hibernating / Lost
13560,111,Hibernating / Lost
13017,111,Hibernating / Lost
18174,111,Hibernating / Lost
15279,111,Hibernating / Lost
15460,111,Hibernating / Lost
12734,111,Hibernating / Lost
13922,111,Hibernating / Lost
13304,111,Hibernating / Lost
15562,111,Hibernating / Lost
17967,111,Hibernating / Lost
14589,111,Hibernating / Lost
16926,111,Hibernating / Lost
12686,111,Hibernating / Lost
16988,111,Hibernating / Lost
15097,111,Hibernating / Lost
18015,111,Hibernating / Lost
16597,111,Hibernating / Lost
14219,111,Hibernating / Lost
12367,111,Hibernating / Lost
17383,111,Hibernating / Lost
15899,111,Hibernating / Lost
18113,111,Hibernating / Lost
17860,111,Hibernating / Lost
16658,111,Hibernating / Lost
15992,111,Hibernating / Lost
16528,111,Hibernating / Lost
12442,111,Hibernating / Lost
16569,111,Hibernating / Lost
14578,111,Hibernating / Lost
18119,111,Hibernating / Lost
13786,111,Hibernating / Lost
15180,111,Hibernating / Lost
13807,111,Hibernating / Lost
16125,111,Hibernating / Lost
14087,111,Hibernating / Lost
14204,111,Hibernating / Lost
12441,111,Hibernating / Lost
16893,111,Hibernating / Lost
16679,111,Hibernating / Lost
18269,111,Hibernating / Lost
15347,111,Hibernating / Lost
14821,111,Hibernating / Lost
13436,111,Hibernating / Lost
14569,111,Hibernating / Lost
12797,111,Hibernating / Lost
14355,111,Hibernating / Lost
15945,111,Hibernating / Lost
17978,111,Hibernating / Lost
17456,111,Hibernating / Lost
14437,111,Hibernating / Lost
17356,111,Hibernating / Lost
12929,111,Hibernating / Lost
14549,111,Hibernating / Lost
15940,111,Hibernating / Lost
12561,111,Hibernating / Lost
16425,111,Hibernating / Lost
16073,111,Hibernating / Lost
14760,111,Hibernating / Lost
16738,111,Hibernating / Lost
15670,111,Hibernating / Lost
16148,111,Hibernating / Lost
14386,111,Hibernating / Lost
18138,111,Hibernating / Lost
14371,111,Hibernating / Lost
13932,111,Hibernating / Lost
16765,111,Hibernating / Lost
15226,111,Hibernating / Lost
14457,111,Hibernating / Lost
